Task ID,Team Size,Resource Availability,Complexity,Priority,Risk,Environment,Dependencies,Task Duration (Days),Delay (Days),Start Date,End Date,Actual End Date
T0001,7,0.74,3,9,0.5,Arctic,[],42,0,23/01/2024,05/03/2024,05/03/2024
T0002,4,0.78,5,5,0.7,Arctic,['T0001'],59,4,05/03/2024,03/05/2024,07/05/2024
T0003,15,0.84,1,1,0.1,Desert,"['T0002', 'T0001']",18,0,03/05/2024,21/05/2024,21/05/2024
T0004,4,0.82,4,5,0.9,Onshore,"['T0002', 'T0001', 'T0003']",54,4,21/05/2024,14/07/2024,18/07/2024
T0005,9,0.97,2,5,0.3,Onshore,"['T0003', 'T0002']",34,0,21/05/2024,24/06/2024,24/06/2024
T0006,5,0.64,5,4,0.9,Arctic,['T0001'],64,6,05/03/2024,08/05/2024,14/05/2024
T0007,19,0.78,5,2,0.7,Desert,"['T0002', 'T0004', 'T0003']",49,5,14/07/2024,01/09/2024,06/09/2024
T0008,16,0.98,1,2,0.5,Offshore,[],20,8,14/01/2024,03/02/2024,11/02/2024
T0009,10,0.71,1,5,0.1,Desert,['T0007'],10,4,01/09/2024,11/09/2024,15/09/2024
T0010,4,0.95,1,6,0.5,Offshore,"['T0009', 'T0008', 'T0001']",19,8,11/09/2024,30/09/2024,08/10/2024
T0011,11,0.94,1,9,0.5,Onshore,"['T0001', 'T0010']",22,0,30/09/2024,22/10/2024,22/10/2024
T0012,6,0.59,4,5,0.3,Arctic,"['T0003', 'T0001', 'T0010']",50,0,30/09/2024,19/11/2024,19/11/2024
T0013,3,0.7,2,7,0.7,Offshore,"['T0010', 'T0004', 'T0012']",29,0,19/11/2024,18/12/2024,18/12/2024
T0014,9,0.67,5,6,0.1,Offshore,['T0009'],71,0,11/09/2024,21/11/2024,21/11/2024
T0015,19,0.74,5,8,0.3,Onshore,[],56,0,01/01/2024,26/02/2024,26/02/2024
T0016,18,0.9,3,5,0.5,Desert,"['T0008', 'T0011', 'T0003']",32,3,22/10/2024,23/11/2024,26/11/2024
T0017,11,0.97,4,3,0.3,Onshore,[],44,4,23/01/2024,07/03/2024,11/03/2024
T0018,6,0.81,3,9,0.9,Arctic,"['T0004', 'T0001', 'T0008']",43,8,14/07/2024,26/08/2024,03/09/2024
T0019,4,0.81,3,1,0.3,Offshore,"['T0014', 'T0018', 'T0009']",37,0,21/11/2024,28/12/2024,28/12/2024
T0020,17,0.96,4,9,0.1,Desert,"['T0006', 'T0005', 'T0016']",38,0,23/11/2024,31/12/2024,31/12/2024
T0021,8,0.76,2,1,0.3,Desert,['T0019'],37,0,28/12/2024,03/02/2025,03/02/2025
T0022,3,0.95,4,7,0.9,Arctic,[],50,7,13/01/2024,03/03/2024,10/03/2024
T0023,13,0.52,3,6,0.3,Arctic,"['T0017', 'T0005']",42,0,24/06/2024,05/08/2024,05/08/2024
T0024,16,0.99,1,1,0.7,Onshore,[],22,6,01/01/2024,23/01/2024,29/01/2024
T0025,17,0.8,4,5,0.3,Offshore,[],50,0,19/01/2024,09/03/2024,09/03/2024
T0026,12,0.77,5,6,0.9,Onshore,['T0025'],67,6,09/03/2024,15/05/2024,21/05/2024
T0027,3,0.62,3,8,0.9,Arctic,[],46,5,27/01/2024,13/03/2024,18/03/2024
T0028,4,0.54,1,9,0.9,Offshore,"['T0010', 'T0008']",30,5,30/09/2024,30/10/2024,04/11/2024
T0029,9,0.59,3,4,0.7,Offshore,"['T0016', 'T0006']",44,8,23/11/2024,06/01/2025,14/01/2025
T0030,11,0.73,2,6,0.9,Desert,"['T0029', 'T0004', 'T0001']",34,1,06/01/2025,09/02/2025,10/02/2025
T0031,6,0.52,3,9,0.3,Arctic,"['T0025', 'T0010', 'T0009']",47,8,30/09/2024,16/11/2024,24/11/2024
T0032,5,0.62,4,7,0.3,Desert,['T0022'],56,0,03/03/2024,28/04/2024,28/04/2024
T0033,9,0.76,5,4,0.7,Arctic,[],60,5,11/01/2024,11/03/2024,16/03/2024
T0034,18,0.71,5,6,0.9,Arctic,[],48,9,12/01/2024,29/02/2024,09/03/2024
T0035,19,0.52,5,4,0.5,Desert,"['T0004', 'T0021', 'T0023']",57,7,03/02/2025,01/04/2025,08/04/2025
T0036,12,0.6,2,3,0.7,Desert,['T0021'],33,2,03/02/2025,08/03/2025,10/03/2025
T0037,15,0.57,2,4,0.3,Arctic,"['T0033', 'T0002']",28,0,03/05/2024,31/05/2024,31/05/2024
T0038,19,0.63,1,8,0.9,Onshore,[],16,3,26/01/2024,11/02/2024,14/02/2024
T0039,19,0.9,1,4,0.5,Desert,['T0007'],17,5,01/09/2024,18/09/2024,23/09/2024
T0040,10,0.61,5,9,0.1,Onshore,['T0032'],63,0,28/04/2024,30/06/2024,30/06/2024
T0041,8,0.89,4,9,0.7,Onshore,"['T0025', 'T0019']",51,2,28/12/2024,17/02/2025,19/02/2025
T0042,7,0.64,3,8,0.1,Desert,"['T0035', 'T0028']",45,0,01/04/2025,16/05/2025,16/05/2025
T0043,12,0.82,4,4,0.3,Desert,['T0007'],48,0,01/09/2024,19/10/2024,19/10/2024
T0044,5,0.96,5,8,0.9,Desert,['T0016'],63,6,23/11/2024,25/01/2025,31/01/2025
T0045,19,0.97,5,2,0.1,Offshore,['T0038'],49,0,11/02/2024,31/03/2024,31/03/2024
T0046,12,0.72,5,4,0.9,Offshore,"['T0025', 'T0022']",58,0,09/03/2024,06/05/2024,06/05/2024
T0047,14,0.81,1,9,0.3,Onshore,['T0030'],14,0,09/02/2025,23/02/2025,23/02/2025
T0048,9,0.99,2,1,0.3,Arctic,[],34,0,07/01/2024,10/02/2024,10/02/2024
T0049,14,0.62,5,1,0.1,Arctic,"['T0024', 'T0027', 'T0007']",57,0,01/09/2024,28/10/2024,28/10/2024
T0050,19,0.81,1,6,0.5,Onshore,"['T0036', 'T0013', 'T0002']",24,8,08/03/2025,01/04/2025,09/04/2025
T0051,7,0.97,2,5,0.1,Offshore,"['T0040', 'T0002', 'T0010']",25,0,30/09/2024,25/10/2024,25/10/2024
T0052,18,0.96,5,9,0.3,Desert,"['T0032', 'T0001']",55,2,28/04/2024,22/06/2024,24/06/2024
T0053,4,0.54,2,9,0.5,Desert,"['T0040', 'T0019']",39,4,28/12/2024,05/02/2025,09/02/2025
T0054,7,0.75,2,1,0.9,Onshore,['T0030'],36,7,09/02/2025,17/03/2025,24/03/2025
T0055,18,0.83,5,9,0.5,Desert,"['T0020', 'T0044']",51,0,25/01/2025,17/03/2025,17/03/2025
T0056,18,0.97,5,1,0.1,Onshore,['T0041'],56,0,17/02/2025,14/04/2025,14/04/2025
T0057,13,0.74,4,7,0.5,Offshore,"['T0049', 'T0030']",48,9,09/02/2025,29/03/2025,07/04/2025
T0058,19,0.75,2,4,0.3,Onshore,"['T0051', 'T0030']",25,2,09/02/2025,06/03/2025,08/03/2025
T0059,7,0.55,5,2,0.5,Offshore,[],47,0,25/01/2024,12/03/2024,12/03/2024
T0060,11,0.55,5,1,0.3,Arctic,['T0040'],63,0,30/06/2024,01/09/2024,01/09/2024
T0061,15,0.54,3,3,0.7,Onshore,[],41,0,22/01/2024,03/03/2024,03/03/2024
T0062,10,0.72,4,1,0.9,Arctic,"['T0046', 'T0047', 'T0029']",54,2,23/02/2025,18/04/2025,20/04/2025
T0063,3,0.61,1,2,0.3,Onshore,[],20,4,26/01/2024,15/02/2024,19/02/2024
T0064,12,0.96,4,6,0.1,Offshore,['T0052'],42,0,22/06/2024,03/08/2024,03/08/2024
T0065,18,0.58,3,3,0.3,Desert,"['T0062', 'T0042', 'T0021']",36,0,16/05/2025,21/06/2025,21/06/2025
T0066,11,0.62,4,7,0.9,Offshore,"['T0050', 'T0039', 'T0015']",56,2,01/04/2025,27/05/2025,29/05/2025
T0067,5,0.69,3,7,0.3,Offshore,"['T0031', 'T0054', 'T0045']",50,4,17/03/2025,06/05/2025,10/05/2025
T0068,8,0.55,3,5,0.3,Desert,['T0023'],42,4,05/08/2024,16/09/2024,20/09/2024
T0069,3,0.76,5,7,0.9,Onshore,['T0061'],54,0,03/03/2024,26/04/2024,26/04/2024
T0070,10,0.66,4,1,0.1,Desert,"['T0063', 'T0018']",61,0,26/08/2024,26/10/2024,26/10/2024
T0071,9,0.89,3,2,0.1,Offshore,['T0036'],28,0,08/03/2025,05/04/2025,05/04/2025
T0072,18,0.85,3,2,0.5,Desert,['T0004'],39,0,14/07/2024,22/08/2024,22/08/2024
T0073,16,0.56,5,9,0.7,Offshore,"['T0007', 'T0066', 'T0021']",59,1,27/05/2025,25/07/2025,26/07/2025
T0074,14,0.98,5,7,0.7,Offshore,['T0041'],54,5,17/02/2025,12/04/2025,17/04/2025
T0075,6,0.58,2,2,0.7,Desert,['T0054'],26,1,17/03/2025,12/04/2025,13/04/2025
T0076,16,0.79,5,4,0.1,Offshore,"['T0013', 'T0029', 'T0038']",53,0,06/01/2025,28/02/2025,28/02/2025
T0077,6,0.76,5,1,0.1,Desert,['T0074'],63,0,12/04/2025,14/06/2025,14/06/2025
T0078,17,0.78,4,9,0.7,Desert,[],45,0,31/01/2024,16/03/2024,16/03/2024
T0079,13,0.78,3,4,0.9,Onshore,"['T0043', 'T0017', 'T0026']",42,3,19/10/2024,30/11/2024,03/12/2024
T0080,14,0.55,4,4,0.7,Desert,[],53,1,08/01/2024,01/03/2024,02/03/2024
T0081,4,0.86,5,9,0.3,Desert,"['T0053', 'T0008']",66,0,05/02/2025,12/04/2025,12/04/2025
T0082,10,0.75,3,6,0.7,Onshore,"['T0028', 'T0050']",39,9,01/04/2025,10/05/2025,19/05/2025
T0083,16,0.64,5,8,0.7,Desert,"['T0046', 'T0030', 'T0070']",57,1,09/02/2025,07/04/2025,08/04/2025
T0084,6,0.7,3,5,0.9,Offshore,"['T0026', 'T0027']",39,1,15/05/2024,23/06/2024,24/06/2024
T0085,6,0.87,5,6,0.7,Offshore,"['T0061', 'T0075', 'T0020']",52,1,12/04/2025,03/06/2025,04/06/2025
T0086,4,0.8,2,1,0.7,Desert,['T0023'],30,0,05/08/2024,04/09/2024,04/09/2024
T0087,18,0.61,2,8,0.7,Onshore,"['T0036', 'T0042']",33,9,16/05/2025,18/06/2025,27/06/2025
T0088,8,0.55,3,2,0.3,Desert,['T0014'],45,0,21/11/2024,05/01/2025,05/01/2025
T0089,16,0.59,3,9,0.7,Offshore,"['T0068', 'T0014']",47,0,21/11/2024,07/01/2025,07/01/2025
T0090,9,0.67,4,4,0.1,Arctic,"['T0033', 'T0036']",46,0,08/03/2025,23/04/2025,23/04/2025
T0091,5,0.82,5,1,0.9,Onshore,"['T0017', 'T0068']",61,5,16/09/2024,16/11/2024,21/11/2024
T0092,16,0.71,2,2,0.1,Arctic,"['T0048', 'T0087', 'T0074']",32,0,18/06/2025,20/07/2025,20/07/2025
T0093,17,0.63,4,5,0.1,Onshore,['T0082'],46,0,10/05/2025,25/06/2025,25/06/2025
T0094,18,0.74,4,2,0.3,Offshore,[],41,0,30/01/2024,11/03/2024,11/03/2024
T0095,15,0.89,4,4,0.1,Onshore,['T0029'],42,0,06/01/2025,17/02/2025,17/02/2025
T0096,4,0.78,4,1,0.5,Onshore,"['T0092', 'T0045', 'T0064']",53,3,20/07/2025,11/09/2025,14/09/2025
T0097,11,0.58,4,5,0.3,Arctic,"['T0015', 'T0036']",44,0,08/03/2025,21/04/2025,21/04/2025
T0098,5,0.73,5,8,0.5,Arctic,[],68,2,20/01/2024,28/03/2024,30/03/2024
T0099,3,0.68,3,2,0.5,Onshore,['T0005'],39,2,24/06/2024,02/08/2024,04/08/2024
T0100,9,0.9,5,4,0.7,Offshore,['T0004'],54,2,14/07/2024,06/09/2024,08/09/2024
T0101,17,0.98,1,5,0.9,Onshore,[],13,7,13/01/2024,26/01/2024,02/02/2024
T0102,16,0.89,1,8,0.7,Desert,"['T0003', 'T0098']",17,0,21/05/2024,07/06/2024,07/06/2024
T0103,4,0.89,5,1,0.3,Arctic,[],54,1,05/01/2024,28/02/2024,29/02/2024
T0104,13,0.6,3,5,0.7,Arctic,[],42,4,27/01/2024,09/03/2024,13/03/2024
T0105,10,0.61,1,5,0.9,Offshore,[],17,7,10/01/2024,27/01/2024,03/02/2024
T0106,10,0.52,2,8,0.1,Onshore,[],37,0,29/01/2024,06/03/2024,06/03/2024
T0107,6,0.64,4,6,0.5,Offshore,['T0023'],57,0,05/08/2024,01/10/2024,01/10/2024
T0108,14,0.61,5,5,0.5,Arctic,[],62,0,01/01/2024,03/03/2024,03/03/2024
T0109,6,0.82,4,4,0.9,Arctic,"['T0060', 'T0035']",44,5,01/04/2025,15/05/2025,20/05/2025
T0110,7,0.77,5,9,0.1,Arctic,['T0019'],56,0,28/12/2024,22/02/2025,22/02/2025
T0111,18,0.9,2,9,0.1,Offshore,['T0101'],19,0,26/01/2024,14/02/2024,14/02/2024
T0112,3,0.68,2,1,0.9,Offshore,"['T0097', 'T0039']",38,3,21/04/2025,29/05/2025,01/06/2025
T0113,7,0.66,1,5,0.5,Arctic,"['T0067', 'T0031', 'T0064']",20,5,06/05/2025,26/05/2025,31/05/2025
T0114,14,0.82,5,6,0.7,Offshore,[],49,0,07/01/2024,25/02/2024,25/02/2024
T0115,17,0.88,3,8,0.7,Onshore,[],27,8,14/01/2024,10/02/2024,18/02/2024
T0116,10,0.59,4,9,0.3,Offshore,[],50,0,25/01/2024,15/03/2024,15/03/2024
T0117,5,0.77,5,2,0.1,Offshore,"['T0068', 'T0020']",70,7,31/12/2024,11/03/2025,18/03/2025
T0118,15,0.93,1,8,0.3,Onshore,"['T0082', 'T0055', 'T0087']",22,0,18/06/2025,10/07/2025,10/07/2025
T0119,6,0.91,5,2,0.3,Onshore,[],67,0,29/01/2024,05/04/2024,05/04/2024
T0120,9,0.81,1,8,0.5,Desert,['T0112'],26,0,29/05/2025,24/06/2025,24/06/2025
T0121,16,0.78,4,1,0.7,Arctic,"['T0033', 'T0064']",55,4,03/08/2024,27/09/2024,01/10/2024
T0122,15,0.9,3,7,0.5,Desert,['T0121'],31,7,27/09/2024,28/10/2024,04/11/2024
T0123,3,0.51,1,7,0.9,Onshore,['T0004'],24,4,14/07/2024,07/08/2024,11/08/2024
T0124,19,0.54,5,9,0.1,Desert,"['T0050', 'T0122']",58,0,01/04/2025,29/05/2025,29/05/2025
T0125,8,0.53,3,3,0.1,Arctic,['T0105'],45,0,27/01/2024,12/03/2024,12/03/2024
T0126,5,0.95,2,6,0.1,Arctic,[],28,0,09/01/2024,06/02/2024,06/02/2024
T0127,18,0.68,5,7,0.9,Offshore,['T0017'],53,7,07/03/2024,29/04/2024,06/05/2024
T0128,16,0.52,2,2,0.7,Offshore,"['T0099', 'T0009', 'T0056']",34,7,14/04/2025,18/05/2025,25/05/2025
T0129,9,0.99,5,9,0.1,Desert,"['T0022', 'T0010', 'T0127']",53,0,30/09/2024,22/11/2024,22/11/2024
T0130,16,0.52,3,7,0.3,Onshore,['T0108'],39,2,03/03/2024,11/04/2024,13/04/2024
T0131,9,0.65,3,5,0.1,Onshore,"['T0062', 'T0083']",41,0,18/04/2025,29/05/2025,29/05/2025
T0132,4,0.79,3,5,0.3,Offshore,"['T0013', 'T0005', 'T0102']",33,4,18/12/2024,20/01/2025,24/01/2025
T0133,14,0.74,4,9,0.1,Offshore,"['T0117', 'T0120']",60,0,24/06/2025,23/08/2025,23/08/2025
T0134,8,0.57,1,3,0.9,Onshore,"['T0127', 'T0101']",23,4,29/04/2024,22/05/2024,26/05/2024
T0135,17,0.89,5,6,0.9,Onshore,[],53,8,29/01/2024,22/03/2024,30/03/2024
T0136,4,0.96,4,4,0.5,Offshore,[],51,0,16/01/2024,07/03/2024,07/03/2024
T0137,13,0.99,5,5,0.9,Arctic,"['T0022', 'T0053', 'T0090']",53,8,23/04/2025,15/06/2025,23/06/2025
T0138,9,0.71,5,3,0.1,Desert,['T0135'],58,0,22/03/2024,19/05/2024,19/05/2024
T0139,9,0.65,1,3,0.7,Onshore,['T0128'],14,9,18/05/2025,01/06/2025,10/06/2025
T0140,3,0.51,2,5,0.7,Arctic,['T0040'],38,0,30/06/2024,07/08/2024,07/08/2024
T0141,19,0.5,5,4,0.1,Arctic,"['T0071', 'T0011']",52,0,05/04/2025,27/05/2025,27/05/2025
T0142,7,0.59,3,7,0.5,Offshore,"['T0049', 'T0036', 'T0094']",48,0,08/03/2025,25/04/2025,25/04/2025
T0143,16,0.62,5,6,0.7,Arctic,"['T0018', 'T0132', 'T0141']",57,9,27/05/2025,23/07/2025,01/08/2025
T0144,3,0.51,5,6,0.9,Onshore,"['T0130', 'T0023']",57,8,05/08/2024,01/10/2024,09/10/2024
T0145,8,0.72,2,3,0.3,Onshore,['T0027'],29,1,13/03/2024,11/04/2024,12/04/2024
T0146,4,0.63,4,6,0.3,Offshore,"['T0023', 'T0041']",54,0,17/02/2025,12/04/2025,12/04/2025
T0147,15,0.85,3,8,0.7,Desert,[],39,0,17/01/2024,25/02/2024,25/02/2024
T0148,17,0.62,1,6,0.3,Offshore,"['T0087', 'T0103', 'T0119']",19,0,18/06/2025,07/07/2025,07/07/2025
T0149,13,0.8,1,5,0.1,Offshore,['T0122'],6,6,28/10/2024,03/11/2024,09/11/2024
T0150,19,0.98,5,5,0.1,Offshore,"['T0120', 'T0104']",45,0,24/06/2025,08/08/2025,08/08/2025
T0151,8,0.58,2,1,0.5,Onshore,[],23,0,01/01/2024,24/01/2024,24/01/2024
T0152,7,0.71,5,2,0.5,Onshore,[],60,4,07/01/2024,07/03/2024,11/03/2024
T0153,15,1,3,4,0.5,Arctic,[],33,2,05/01/2024,07/02/2024,09/02/2024
T0154,10,0.64,4,1,0.5,Desert,['T0094'],54,0,11/03/2024,04/05/2024,04/05/2024
T0155,4,0.79,3,7,0.7,Desert,"['T0091', 'T0134', 'T0055']",40,1,17/03/2025,26/04/2025,27/04/2025
T0156,11,0.69,5,5,0.5,Onshore,"['T0022', 'T0041', 'T0095']",49,3,17/02/2025,07/04/2025,10/04/2025
T0157,9,0.93,5,2,0.5,Desert,"['T0125', 'T0072', 'T0039']",52,7,18/09/2024,09/11/2024,16/11/2024
T0158,9,0.98,2,2,0.1,Desert,['T0082'],18,0,10/05/2025,28/05/2025,28/05/2025
T0159,18,0.51,4,9,0.3,Onshore,"['T0120', 'T0117', 'T0035']",48,0,24/06/2025,11/08/2025,11/08/2025
T0160,18,0.96,5,3,0.1,Onshore,"['T0092', 'T0101', 'T0056']",47,0,20/07/2025,05/09/2025,05/09/2025
T0161,18,0.63,1,1,0.1,Desert,"['T0005', 'T0034']",16,0,24/06/2024,10/07/2024,10/07/2024
T0162,17,0.53,1,8,0.1,Arctic,"['T0044', 'T0030', 'T0068']",32,0,09/02/2025,13/03/2025,13/03/2025
T0163,6,0.94,2,2,0.7,Offshore,"['T0096', 'T0142']",33,6,11/09/2025,14/10/2025,20/10/2025
T0164,13,0.77,4,7,0.3,Offshore,"['T0163', 'T0151']",51,0,14/10/2025,04/12/2025,04/12/2025
T0165,3,0.53,2,7,0.3,Onshore,"['T0060', 'T0090']",33,0,23/04/2025,26/05/2025,26/05/2025
T0166,3,0.71,1,1,0.9,Desert,"['T0146', 'T0145', 'T0160']",20,1,05/09/2025,25/09/2025,26/09/2025
T0167,4,0.62,4,7,0.5,Arctic,"['T0132', 'T0130', 'T0025']",58,6,20/01/2025,19/03/2025,25/03/2025
T0168,8,0.96,5,8,0.1,Onshore,[],65,0,02/01/2024,07/03/2024,07/03/2024
T0169,9,0.78,3,4,0.9,Arctic,[],40,9,31/01/2024,11/03/2024,20/03/2024
T0170,3,0.59,2,1,0.3,Offshore,['T0080'],38,9,01/03/2024,08/04/2024,17/04/2024
T0171,11,0.65,3,2,0.7,Arctic,"['T0116', 'T0151', 'T0092']",39,6,20/07/2025,28/08/2025,03/09/2025
T0172,5,0.56,5,4,0.9,Onshore,['T0117'],60,1,11/03/2025,10/05/2025,11/05/2025
T0173,5,0.6,2,1,0.1,Arctic,[],36,0,08/01/2024,13/02/2024,13/02/2024
T0174,8,0.83,1,5,0.3,Desert,[],20,0,03/01/2024,23/01/2024,23/01/2024
T0175,13,0.5,5,1,0.1,Desert,[],71,0,16/01/2024,27/03/2024,27/03/2024
T0176,12,0.53,1,3,0.5,Offshore,[],27,0,17/01/2024,13/02/2024,13/02/2024
T0177,15,0.58,4,6,0.9,Offshore,[],52,1,03/01/2024,24/02/2024,25/02/2024
T0178,7,0.99,2,5,0.5,Desert,"['T0004', 'T0078']",24,0,14/07/2024,07/08/2024,07/08/2024
T0179,3,0.9,5,8,0.7,Onshore,['T0123'],75,9,07/08/2024,21/10/2024,30/10/2024
T0180,19,0.52,5,2,0.1,Desert,['T0149'],58,0,03/11/2024,31/12/2024,31/12/2024
T0181,8,0.61,2,6,0.1,Arctic,['T0118'],33,0,10/07/2025,12/08/2025,12/08/2025
T0182,18,0.71,4,6,0.7,Arctic,['T0155'],37,8,26/04/2025,02/06/2025,10/06/2025
T0183,19,0.84,3,3,0.5,Offshore,"['T0052', 'T0132']",29,0,20/01/2025,18/02/2025,18/02/2025
T0184,13,0.7,5,6,0.3,Offshore,"['T0122', 'T0009']",64,0,28/10/2024,31/12/2024,31/12/2024
T0185,17,0.66,1,6,0.5,Onshore,"['T0117', 'T0033', 'T0057']",9,0,29/03/2025,07/04/2025,07/04/2025
T0186,10,0.83,3,9,0.1,Offshore,"['T0181', 'T0125', 'T0118']",33,0,12/08/2025,14/09/2025,14/09/2025
T0187,15,0.58,3,8,0.9,Onshore,['T0124'],35,3,29/05/2025,03/07/2025,06/07/2025
T0188,10,0.72,2,6,0.3,Onshore,"['T0065', 'T0113']",27,0,21/06/2025,18/07/2025,18/07/2025
T0189,8,0.74,3,3,0.3,Onshore,[],42,0,04/01/2024,15/02/2024,15/02/2024
T0190,5,0.6,4,1,0.7,Desert,"['T0113', 'T0061']",56,6,26/05/2025,21/07/2025,27/07/2025
T0191,4,0.9,1,3,0.3,Desert,['T0019'],21,0,28/12/2024,18/01/2025,18/01/2025
T0192,19,0.52,4,4,0.9,Onshore,['T0006'],45,2,08/05/2024,22/06/2024,24/06/2024
T0193,14,0.65,4,5,0.5,Arctic,"['T0065', 'T0007', 'T0088']",43,0,21/06/2025,03/08/2025,03/08/2025
T0194,14,0.72,4,2,0.7,Onshore,"['T0022', 'T0034', 'T0092']",43,5,20/07/2025,01/09/2025,06/09/2025
T0195,14,0.96,5,3,0.7,Onshore,['T0119'],52,5,05/04/2024,27/05/2024,01/06/2024
T0196,18,0.56,3,9,0.3,Onshore,"['T0031', 'T0055', 'T0118']",21,5,10/07/2025,31/07/2025,05/08/2025
T0197,12,0.5,5,7,0.9,Onshore,['T0049'],48,5,28/10/2024,15/12/2024,20/12/2024
T0198,10,0.99,4,1,0.1,Arctic,[],42,0,05/01/2024,16/02/2024,16/02/2024
T0199,11,0.89,3,5,0.3,Desert,"['T0135', 'T0154']",44,0,04/05/2024,17/06/2024,17/06/2024
T0200,15,0.96,5,1,0.3,Offshore,"['T0164', 'T0079', 'T0057']",58,0,04/12/2025,31/01/2026,31/01/2026
T0201,8,0.57,4,5,0.9,Desert,"['T0139', 'T0043', 'T0159']",55,2,11/08/2025,05/10/2025,07/10/2025
T0202,8,0.89,4,3,0.9,Onshore,"['T0027', 'T0199', 'T0099']",43,7,02/08/2024,14/09/2024,21/09/2024
T0203,10,0.62,3,9,0.3,Arctic,[],44,0,22/01/2024,06/03/2024,06/03/2024
T0204,7,0.82,5,5,0.1,Desert,"['T0028', 'T0004']",58,0,30/10/2024,27/12/2024,27/12/2024
T0205,8,0.78,3,2,0.5,Desert,"['T0198', 'T0005']",45,9,24/06/2024,08/08/2024,17/08/2024
T0206,3,0.74,3,8,0.5,Desert,"['T0161', 'T0159', 'T0192']",35,3,11/08/2025,15/09/2025,18/09/2025
T0207,18,0.85,4,9,0.1,Desert,[],46,0,20/01/2024,06/03/2024,06/03/2024
T0208,12,0.84,3,1,0.7,Onshore,[],38,5,10/01/2024,17/02/2024,22/02/2024
T0209,11,0.67,1,1,0.1,Arctic,[],21,3,09/01/2024,30/01/2024,02/02/2024
T0210,8,0.99,1,1,0.1,Desert,[],9,0,07/01/2024,16/01/2024,16/01/2024
T0211,4,0.55,3,3,0.3,Offshore,"['T0061', 'T0143']",50,3,23/07/2025,11/09/2025,14/09/2025
T0212,15,0.81,1,9,0.1,Arctic,['T0175'],24,0,27/03/2024,20/04/2024,20/04/2024
T0213,3,0.91,5,6,0.5,Arctic,[],68,0,11/01/2024,19/03/2024,19/03/2024
T0214,15,0.69,4,5,0.7,Onshore,"['T0085', 'T0010', 'T0006']",51,0,03/06/2025,24/07/2025,24/07/2025
T0215,8,0.52,5,6,0.1,Offshore,['T0141'],65,0,27/05/2025,31/07/2025,31/07/2025
T0216,7,0.86,2,6,0.1,Arctic,"['T0198', 'T0141', 'T0182']",34,7,02/06/2025,06/07/2025,13/07/2025
T0217,4,0.71,3,8,0.3,Arctic,"['T0193', 'T0070', 'T0159']",37,0,11/08/2025,17/09/2025,17/09/2025
T0218,7,0.62,1,6,0.9,Arctic,"['T0047', 'T0125']",16,7,23/02/2025,11/03/2025,18/03/2025
T0219,11,0.67,3,3,0.7,Arctic,"['T0099', 'T0170']",50,4,02/08/2024,21/09/2024,25/09/2024
T0220,8,0.67,1,1,0.5,Offshore,"['T0131', 'T0093', 'T0059']",31,5,25/06/2025,26/07/2025,31/07/2025
T0221,19,0.89,1,8,0.5,Desert,"['T0191', 'T0022']",4,2,18/01/2025,22/01/2025,24/01/2025
T0222,16,0.89,4,3,0.1,Arctic,['T0205'],49,0,08/08/2024,26/09/2024,26/09/2024
T0223,15,0.94,2,4,0.5,Offshore,[],27,2,16/01/2024,12/02/2024,14/02/2024
T0224,7,0.54,3,1,0.7,Desert,"['T0041', 'T0027', 'T0005']",49,0,17/02/2025,07/04/2025,07/04/2025
T0225,19,0.72,2,5,0.1,Arctic,['T0104'],25,0,09/03/2024,03/04/2024,03/04/2024
T0226,7,0.58,2,7,0.3,Desert,[],35,0,28/01/2024,03/03/2024,03/03/2024
T0227,5,0.67,1,6,0.3,Onshore,[],20,7,08/01/2024,28/01/2024,04/02/2024
T0228,19,0.62,3,5,0.5,Offshore,[],35,8,17/01/2024,21/02/2024,29/02/2024
T0229,4,0.64,1,2,0.5,Offshore,"['T0157', 'T0104']",30,4,09/11/2024,09/12/2024,13/12/2024
T0230,5,0.87,5,8,0.3,Desert,[],56,0,16/01/2024,12/03/2024,12/03/2024
T0231,10,0.96,1,2,0.1,Offshore,"['T0019', 'T0009', 'T0116']",17,0,28/12/2024,14/01/2025,14/01/2025
T0232,14,0.76,2,1,0.5,Offshore,"['T0052', 'T0005']",25,4,24/06/2024,19/07/2024,23/07/2024
T0233,14,0.9,5,8,0.9,Offshore,"['T0033', 'T0016', 'T0214']",59,2,24/07/2025,21/09/2025,23/09/2025
T0234,10,0.64,4,1,0.5,Desert,['T0149'],56,8,03/11/2024,29/12/2024,06/01/2025
T0235,3,0.94,1,8,0.5,Desert,"['T0118', 'T0003', 'T0103']",16,3,10/07/2025,26/07/2025,29/07/2025
T0236,19,0.85,3,2,0.7,Arctic,['T0145'],39,9,11/04/2024,20/05/2024,29/05/2024
T0237,5,0.86,3,5,0.3,Arctic,"['T0087', 'T0022']",42,1,18/06/2025,30/07/2025,31/07/2025
T0238,11,0.9,3,4,0.9,Arctic,"['T0189', 'T0190']",34,1,21/07/2025,24/08/2025,25/08/2025
T0239,14,0.89,1,5,0.7,Desert,[],17,6,23/01/2024,09/02/2024,15/02/2024
T0240,16,0.94,5,5,0.7,Onshore,"['T0072', 'T0182', 'T0057']",53,0,02/06/2025,25/07/2025,25/07/2025
T0241,12,0.64,3,4,0.7,Arctic,[],36,9,04/01/2024,09/02/2024,18/02/2024
T0242,15,0.9,1,1,0.3,Arctic,['T0019'],3,8,28/12/2024,31/12/2024,08/01/2025
T0243,9,0.75,1,8,0.1,Onshore,"['T0175', 'T0190', 'T0172']",16,0,21/07/2025,06/08/2025,06/08/2025
T0244,4,0.59,1,5,0.9,Onshore,"['T0058', 'T0089']",22,0,06/03/2025,28/03/2025,28/03/2025
T0245,10,0.55,3,3,0.9,Offshore,"['T0121', 'T0172', 'T0218']",44,3,10/05/2025,23/06/2025,26/06/2025
T0246,5,0.67,3,9,0.9,Desert,"['T0178', 'T0046', 'T0013']",42,4,18/12/2024,29/01/2025,02/02/2025
T0247,12,0.72,3,2,0.5,Desert,"['T0086', 'T0206']",38,0,15/09/2025,23/10/2025,23/10/2025
T0248,16,0.58,3,4,0.7,Desert,"['T0189', 'T0205']",45,0,08/08/2024,22/09/2024,22/09/2024
T0249,6,0.96,5,4,0.9,Desert,"['T0108', 'T0136']",60,8,07/03/2024,06/05/2024,14/05/2024
T0250,7,0.57,3,4,0.7,Offshore,['T0090'],48,9,23/04/2025,10/06/2025,19/06/2025
T0251,12,0.88,1,2,0.3,Onshore,['T0026'],13,0,15/05/2024,28/05/2024,28/05/2024
T0252,15,0.82,3,5,0.3,Onshore,"['T0040', 'T0147', 'T0137']",35,0,15/06/2025,20/07/2025,20/07/2025
T0253,13,0.67,5,3,0.9,Arctic,[],54,8,03/01/2024,26/02/2024,05/03/2024
T0254,9,0.69,4,3,0.1,Desert,['T0134'],42,3,22/05/2024,03/07/2024,06/07/2024
T0255,11,0.55,1,3,0.5,Onshore,"['T0080', 'T0010', 'T0253']",25,0,30/09/2024,25/10/2024,25/10/2024
T0256,9,0.75,2,4,0.3,Offshore,"['T0162', 'T0127']",29,5,13/03/2025,11/04/2025,16/04/2025
T0257,11,0.73,2,1,0.5,Arctic,[],31,2,13/01/2024,13/02/2024,15/02/2024
T0258,10,0.64,5,2,0.1,Offshore,['T0059'],62,0,12/03/2024,13/05/2024,13/05/2024
T0259,6,0.74,3,5,0.9,Desert,"['T0084', 'T0043', 'T0122']",27,7,28/10/2024,24/11/2024,01/12/2024
T0260,18,0.65,4,9,0.1,Offshore,"['T0240', 'T0259', 'T0062']",43,4,25/07/2025,06/09/2025,10/09/2025
T0261,13,0.96,3,7,0.9,Desert,['T0139'],35,5,01/06/2025,06/07/2025,11/07/2025
T0262,14,0.94,5,4,0.3,Offshore,['T0129'],57,0,22/11/2024,18/01/2025,18/01/2025
T0263,18,0.8,3,7,0.9,Arctic,"['T0035', 'T0008', 'T0013']",32,1,01/04/2025,03/05/2025,04/05/2025
T0264,5,0.89,5,7,0.3,Arctic,"['T0223', 'T0099']",60,1,02/08/2024,01/10/2024,02/10/2024
T0265,16,0.87,4,8,0.5,Offshore,"['T0221', 'T0232', 'T0047']",56,0,23/02/2025,20/04/2025,20/04/2025
T0266,9,0.89,3,2,0.7,Arctic,"['T0130', 'T0208']",38,0,11/04/2024,19/05/2024,19/05/2024
T0267,9,0.57,3,8,0.5,Arctic,['T0174'],45,4,23/01/2024,08/03/2024,12/03/2024
T0268,3,0.51,1,6,0.9,Onshore,"['T0135', 'T0098']",24,1,28/03/2024,21/04/2024,22/04/2024
T0269,10,0.9,1,4,0.3,Arctic,"['T0025', 'T0169', 'T0198']",12,8,11/03/2024,23/03/2024,31/03/2024
T0270,9,0.66,1,1,0.5,Desert,['T0028'],21,0,30/10/2024,20/11/2024,20/11/2024
T0271,15,0.75,1,7,0.9,Desert,[],16,1,12/01/2024,28/01/2024,29/01/2024
T0272,3,0.53,2,3,0.7,Desert,"['T0103', 'T0013', 'T0074']",37,0,12/04/2025,19/05/2025,19/05/2025
T0273,16,0.88,4,9,0.9,Offshore,['T0142'],46,6,25/04/2025,10/06/2025,16/06/2025
T0274,11,0.94,5,7,0.5,Onshore,"['T0045', 'T0268']",54,2,21/04/2024,14/06/2024,16/06/2024
T0275,19,0.55,1,9,0.1,Arctic,['T0113'],23,0,26/05/2025,18/06/2025,18/06/2025
T0276,8,0.6,5,5,0.3,Arctic,"['T0062', 'T0022']",61,7,18/04/2025,18/06/2025,25/06/2025
T0277,19,0.87,3,9,0.7,Onshore,[],32,8,20/01/2024,21/02/2024,29/02/2024
T0278,12,0.79,2,6,0.1,Desert,['T0108'],33,0,03/03/2024,05/04/2024,05/04/2024
T0279,12,0.7,3,4,0.7,Desert,"['T0088', 'T0188', 'T0061']",36,9,18/07/2025,23/08/2025,01/09/2025
T0280,5,0.88,4,6,0.5,Offshore,['T0256'],52,8,11/04/2025,02/06/2025,10/06/2025
T0281,9,0.84,2,7,0.7,Offshore,"['T0057', 'T0032', 'T0210']",29,1,29/03/2025,27/04/2025,28/04/2025
T0282,4,0.74,4,9,0.9,Arctic,"['T0032', 'T0112']",55,1,29/05/2025,23/07/2025,24/07/2025
T0283,13,0.54,1,3,0.9,Offshore,['T0218'],22,0,11/03/2025,02/04/2025,02/04/2025
T0284,12,0.98,4,3,0.3,Onshore,[],44,0,25/01/2024,09/03/2024,09/03/2024
T0285,13,0.84,2,5,0.9,Arctic,"['T0170', 'T0029', 'T0036']",19,2,08/03/2025,27/03/2025,29/03/2025
T0286,16,0.92,1,4,0.3,Onshore,[],25,0,22/01/2024,16/02/2024,16/02/2024
T0287,18,0.7,4,4,0.9,Onshore,"['T0217', 'T0161', 'T0052']",40,1,17/09/2025,27/10/2025,28/10/2025
T0288,16,0.69,5,3,0.5,Onshore,['T0063'],50,9,15/02/2024,05/04/2024,14/04/2024
T0289,4,0.92,3,3,0.3,Arctic,[],41,9,30/01/2024,11/03/2024,20/03/2024
T0290,5,0.54,1,2,0.5,Onshore,"['T0201', 'T0203']",32,2,05/10/2025,06/11/2025,08/11/2025
T0291,3,0.69,2,3,0.1,Arctic,"['T0052', 'T0079', 'T0107']",31,0,30/11/2024,31/12/2024,31/12/2024
T0292,9,0.95,2,5,0.9,Onshore,['T0017'],23,8,07/03/2024,30/03/2024,07/04/2024
T0293,4,0.77,1,1,0.3,Onshore,"['T0273', 'T0128', 'T0174']",22,7,10/06/2025,02/07/2025,09/07/2025
T0294,17,0.95,3,3,0.7,Onshore,"['T0199', 'T0126', 'T0234']",29,0,29/12/2024,27/01/2025,27/01/2025
T0295,4,0.79,5,9,0.7,Offshore,"['T0042', 'T0256']",60,3,16/05/2025,15/07/2025,18/07/2025
T0296,19,0.73,2,7,0.3,Offshore,"['T0020', 'T0254']",29,0,31/12/2024,29/01/2025,29/01/2025
T0297,9,0.92,3,4,0.3,Arctic,['T0225'],34,0,03/04/2024,07/05/2024,07/05/2024
T0298,19,0.68,3,4,0.9,Offshore,"['T0236', 'T0071', 'T0257']",36,7,05/04/2025,11/05/2025,18/05/2025
T0299,7,0.59,3,7,0.1,Offshore,['T0232'],48,9,19/07/2024,05/09/2024,14/09/2024
T0300,16,0.93,3,1,0.5,Arctic,['T0024'],36,0,23/01/2024,28/02/2024,28/02/2024
T0301,9,0.73,4,5,0.7,Desert,"['T0084', 'T0020']",55,9,31/12/2024,24/02/2025,05/03/2025
T0302,12,0.63,1,6,0.7,Onshore,"['T0223', 'T0274', 'T0001']",21,0,14/06/2024,05/07/2024,05/07/2024
T0303,15,1,4,9,0.3,Arctic,['T0188'],31,2,18/07/2025,18/08/2025,20/08/2025
T0304,18,0.57,5,7,0.5,Arctic,"['T0177', 'T0127', 'T0003']",59,5,21/05/2024,19/07/2024,24/07/2024
T0305,10,0.63,1,9,0.3,Arctic,"['T0033', 'T0143']",28,0,23/07/2025,20/08/2025,20/08/2025
T0306,19,0.59,5,1,0.7,Arctic,['T0036'],62,9,08/03/2025,09/05/2025,18/05/2025
T0307,12,0.55,4,5,0.3,Onshore,[],51,8,01/01/2024,21/02/2024,29/02/2024
T0308,10,0.79,1,9,0.7,Onshore,[],25,0,26/01/2024,20/02/2024,20/02/2024
T0309,16,0.95,3,3,0.1,Offshore,['T0112'],36,6,29/05/2025,04/07/2025,10/07/2025
T0310,4,0.81,1,1,0.1,Desert,"['T0077', 'T0131', 'T0294']",22,0,14/06/2025,06/07/2025,06/07/2025
T0311,19,0.84,4,4,0.5,Offshore,[],31,0,20/01/2024,20/02/2024,20/02/2024
T0312,11,0.59,3,3,0.9,Onshore,"['T0156', 'T0095', 'T0236']",47,3,07/04/2025,24/05/2025,27/05/2025
T0313,16,0.92,2,5,0.3,Arctic,['T0220'],25,0,26/07/2025,20/08/2025,20/08/2025
T0314,15,0.67,3,3,0.3,Desert,['T0029'],43,0,06/01/2025,18/02/2025,18/02/2025
T0315,8,0.9,2,4,0.3,Offshore,"['T0194', 'T0173']",37,0,01/09/2025,08/10/2025,08/10/2025
T0316,11,0.69,4,8,0.1,Arctic,"['T0226', 'T0028']",50,0,30/10/2024,19/12/2024,19/12/2024
T0317,13,0.83,5,1,0.7,Arctic,"['T0229', 'T0263', 'T0061']",68,4,03/05/2025,10/07/2025,14/07/2025
T0318,12,0.69,5,6,0.3,Arctic,[],62,7,11/01/2024,13/03/2024,20/03/2024
T0319,9,0.72,2,9,0.7,Arctic,[],26,4,02/01/2024,28/01/2024,01/02/2024
T0320,6,0.55,3,2,0.7,Onshore,"['T0045', 'T0238', 'T0078']",49,1,24/08/2025,12/10/2025,13/10/2025
T0321,16,0.76,1,2,0.5,Onshore,"['T0039', 'T0126']",14,0,18/09/2024,02/10/2024,02/10/2024
T0322,19,0.75,2,3,0.9,Desert,"['T0278', 'T0197']",17,2,15/12/2024,01/01/2025,03/01/2025
T0323,13,0.6,1,7,0.9,Onshore,['T0061'],20,6,03/03/2024,23/03/2024,29/03/2024
T0324,17,0.63,2,1,0.3,Onshore,"['T0243', 'T0102', 'T0103']",27,0,06/08/2025,02/09/2025,02/09/2025
T0325,3,0.91,2,7,0.7,Onshore,"['T0047', 'T0226']",33,6,23/02/2025,28/03/2025,03/04/2025
T0326,19,0.92,5,3,0.3,Arctic,[],47,0,03/01/2024,19/02/2024,19/02/2024
T0327,15,0.83,4,6,0.1,Desert,"['T0251', 'T0264']",44,0,01/10/2024,14/11/2024,14/11/2024
T0328,5,0.55,4,9,0.5,Arctic,[],53,0,21/01/2024,14/03/2024,14/03/2024
T0329,13,0.99,2,4,0.1,Offshore,[],26,0,08/01/2024,03/02/2024,03/02/2024
T0330,15,0.76,5,1,0.9,Desert,"['T0063', 'T0183', 'T0136']",50,5,18/02/2025,09/04/2025,14/04/2025
T0331,17,0.56,2,8,0.1,Desert,[],21,0,25/01/2024,15/02/2024,15/02/2024
T0332,6,0.83,1,6,0.5,Onshore,"['T0210', 'T0082']",29,0,10/05/2025,08/06/2025,08/06/2025
T0333,16,0.91,1,2,0.1,Desert,['T0220'],20,0,26/07/2025,15/08/2025,15/08/2025
T0334,16,0.57,5,7,0.9,Arctic,"['T0081', 'T0106', 'T0065']",63,6,21/06/2025,23/08/2025,29/08/2025
T0335,18,0.57,2,9,0.7,Desert,[],20,1,23/01/2024,12/02/2024,13/02/2024
T0336,8,0.99,4,6,0.1,Arctic,['T0299'],39,0,05/09/2024,14/10/2024,14/10/2024
T0337,13,0.57,2,4,0.5,Desert,"['T0206', 'T0161', 'T0172']",26,5,15/09/2025,11/10/2025,16/10/2025
T0338,19,0.97,4,7,0.3,Desert,"['T0278', 'T0017']",35,0,05/04/2024,10/05/2024,10/05/2024
T0339,9,0.96,5,1,0.5,Arctic,"['T0133', 'T0206', 'T0231']",63,5,15/09/2025,17/11/2025,22/11/2025
T0340,18,0.99,1,3,0.7,Desert,"['T0130', 'T0227', 'T0273']",14,0,10/06/2025,24/06/2025,24/06/2025
T0341,15,0.75,1,6,0.5,Arctic,"['T0157', 'T0264', 'T0172']",14,0,10/05/2025,24/05/2025,24/05/2025
T0342,16,0.97,3,1,0.5,Desert,[],32,0,01/01/2024,02/02/2024,02/02/2024
T0343,14,0.52,1,9,0.1,Offshore,"['T0019', 'T0175']",19,0,28/12/2024,16/01/2025,16/01/2025
T0344,10,0.56,4,5,0.1,Arctic,[],61,0,23/01/2024,24/03/2024,24/03/2024
T0345,11,0.84,4,1,0.7,Desert,[],47,9,15/01/2024,02/03/2024,11/03/2024
T0346,10,0.79,1,8,0.7,Onshore,['T0300'],17,7,28/02/2024,16/03/2024,23/03/2024
T0347,10,0.85,2,4,0.3,Offshore,"['T0098', 'T0213']",25,3,28/03/2024,22/04/2024,25/04/2024
T0348,18,0.51,5,4,0.1,Arctic,"['T0059', 'T0143']",61,0,23/07/2025,22/09/2025,22/09/2025
T0349,14,0.69,2,7,0.9,Desert,"['T0278', 'T0197']",21,6,15/12/2024,05/01/2025,11/01/2025
T0350,19,0.88,3,2,0.1,Onshore,"['T0240', 'T0007']",24,0,25/07/2025,18/08/2025,18/08/2025
T0351,8,0.56,1,8,0.7,Arctic,[],21,4,26/01/2024,16/02/2024,20/02/2024
T0352,9,0.95,5,5,0.1,Arctic,"['T0034', 'T0041']",52,0,17/02/2025,10/04/2025,10/04/2025
T0353,15,0.97,2,7,0.7,Onshore,['T0149'],24,3,03/11/2024,27/11/2024,30/11/2024
T0354,4,0.66,4,7,0.9,Onshore,"['T0342', 'T0230', 'T0035']",56,0,01/04/2025,27/05/2025,27/05/2025
T0355,17,0.68,4,1,0.5,Desert,"['T0232', 'T0237', 'T0205']",43,1,30/07/2025,11/09/2025,12/09/2025
T0356,3,0.87,1,5,0.7,Offshore,"['T0093', 'T0336', 'T0256']",24,3,25/06/2025,19/07/2025,22/07/2025
T0357,13,0.84,1,4,0.1,Onshore,[],23,0,19/01/2024,11/02/2024,11/02/2024
T0358,12,0.95,1,8,0.5,Arctic,[],7,0,20/01/2024,27/01/2024,27/01/2024
T0359,3,0.86,5,3,0.9,Offshore,"['T0085', 'T0266']",56,1,03/06/2025,29/07/2025,30/07/2025
T0360,19,0.64,4,7,0.5,Arctic,"['T0216', 'T0224', 'T0122']",52,6,06/07/2025,27/08/2025,02/09/2025
T0361,17,0.84,3,6,0.7,Desert,['T0303'],30,0,18/08/2025,17/09/2025,17/09/2025
T0362,9,0.97,1,3,0.5,Onshore,"['T0075', 'T0035', 'T0253']",19,6,12/04/2025,01/05/2025,07/05/2025
T0363,13,0.76,4,2,0.3,Onshore,['T0202'],49,0,14/09/2024,02/11/2024,02/11/2024
T0364,12,0.68,4,8,0.1,Onshore,"['T0076', 'T0203', 'T0174']",55,0,28/02/2025,24/04/2025,24/04/2025
T0365,17,0.58,2,1,0.3,Onshore,['T0287'],32,0,27/10/2025,28/11/2025,28/11/2025
T0366,7,0.92,1,1,0.9,Offshore,"['T0225', 'T0321', 'T0291']",12,3,31/12/2024,12/01/2025,15/01/2025
T0367,10,0.63,3,4,0.3,Offshore,['T0317'],43,0,10/07/2025,22/08/2025,22/08/2025
T0368,13,0.51,2,4,0.1,Onshore,"['T0077', 'T0023']",35,0,14/06/2025,19/07/2025,19/07/2025
T0369,5,0.68,1,4,0.9,Desert,['T0100'],25,3,06/09/2024,01/10/2024,04/10/2024
T0370,14,0.69,2,5,0.9,Onshore,[],19,5,02/01/2024,21/01/2024,26/01/2024
T0371,6,0.54,5,5,0.1,Offshore,"['T0069', 'T0281']",67,0,27/04/2025,03/07/2025,03/07/2025
T0372,6,0.59,1,3,0.3,Offshore,"['T0129', 'T0095', 'T0371']",38,0,03/07/2025,10/08/2025,10/08/2025
T0373,12,0.66,4,1,0.3,Arctic,"['T0149', 'T0044', 'T0073']",51,0,25/07/2025,14/09/2025,14/09/2025
T0374,13,0.67,3,3,0.9,Arctic,"['T0073', 'T0286', 'T0146']",37,6,25/07/2025,31/08/2025,06/09/2025
T0375,12,0.64,4,7,0.7,Onshore,['T0345'],55,0,02/03/2024,26/04/2024,26/04/2024
T0376,16,0.86,3,9,0.1,Offshore,"['T0343', 'T0324', 'T0184']",39,0,02/09/2025,11/10/2025,11/10/2025
T0377,13,0.82,1,6,0.1,Onshore,"['T0272', 'T0203', 'T0109']",16,0,19/05/2025,04/06/2025,04/06/2025
T0378,6,0.97,3,5,0.1,Onshore,[],32,0,24/01/2024,25/02/2024,25/02/2024
T0379,17,0.93,3,5,0.5,Onshore,"['T0129', 'T0019']",35,0,28/12/2024,01/02/2025,01/02/2025
T0380,3,0.68,1,7,0.9,Onshore,"['T0374', 'T0093']",41,5,31/08/2025,11/10/2025,16/10/2025
T0381,9,0.68,3,1,0.1,Offshore,"['T0347', 'T0228', 'T0185']",39,0,07/04/2025,16/05/2025,16/05/2025
T0382,12,0.52,5,1,0.7,Desert,['T0118'],70,4,10/07/2025,18/09/2025,22/09/2025
T0383,14,0.76,1,6,0.5,Desert,"['T0050', 'T0293', 'T0213']",13,0,02/07/2025,15/07/2025,15/07/2025
T0384,6,0.75,2,3,0.5,Onshore,['T0158'],24,4,28/05/2025,21/06/2025,25/06/2025
T0385,7,0.84,1,8,0.5,Arctic,"['T0070', 'T0348', 'T0106']",19,4,22/09/2025,11/10/2025,15/10/2025
T0386,6,0.61,3,3,0.9,Onshore,"['T0138', 'T0242']",40,4,31/12/2024,09/02/2025,13/02/2025
T0387,19,0.76,4,8,0.3,Desert,['T0210'],48,0,16/01/2024,04/03/2024,04/03/2024
T0388,19,0.94,3,7,0.5,Offshore,[],34,9,01/01/2024,04/02/2024,13/02/2024
T0389,19,0.54,4,5,0.1,Offshore,[],53,0,02/01/2024,24/02/2024,24/02/2024
T0390,16,0.95,5,8,0.1,Offshore,[],55,0,01/01/2024,25/02/2024,25/02/2024
T0391,15,0.97,2,9,0.1,Onshore,"['T0189', 'T0369', 'T0188']",28,0,18/07/2025,15/08/2025,15/08/2025
T0392,8,0.73,2,9,0.3,Offshore,"['T0314', 'T0296', 'T0342']",30,0,18/02/2025,20/03/2025,20/03/2025
T0393,18,0.51,2,5,0.7,Arctic,['T0145'],27,8,11/04/2024,08/05/2024,16/05/2024
T0394,4,0.67,5,8,0.5,Offshore,[],53,0,05/01/2024,27/02/2024,27/02/2024
T0395,4,0.77,2,7,0.5,Desert,[],35,6,15/01/2024,19/02/2024,25/02/2024
T0396,10,0.85,4,1,0.5,Onshore,['T0371'],47,0,03/07/2025,19/08/2025,19/08/2025
T0397,13,0.97,3,3,0.5,Offshore,"['T0379', 'T0085']",32,4,03/06/2025,05/07/2025,09/07/2025
T0398,19,0.93,1,5,0.1,Onshore,[],21,0,29/01/2024,19/02/2024,19/02/2024
T0399,4,0.61,5,7,0.3,Arctic,"['T0264', 'T0273', 'T0378']",68,6,10/06/2025,17/08/2025,23/08/2025
T0400,10,0.75,4,3,0.5,Arctic,"['T0167', 'T0095', 'T0326']",55,4,19/03/2025,13/05/2025,17/05/2025
T0401,7,0.66,1,3,0.1,Offshore,"['T0048', 'T0219', 'T0332']",24,0,08/06/2025,02/07/2025,02/07/2025
T0402,19,0.51,2,3,0.9,Desert,"['T0293', 'T0382', 'T0187']",23,0,18/09/2025,11/10/2025,11/10/2025
T0403,18,0.74,2,5,0.5,Onshore,['T0331'],18,0,15/02/2024,04/03/2024,04/03/2024
T0404,14,0.63,5,4,0.5,Offshore,['T0353'],62,0,27/11/2024,28/01/2025,28/01/2025
T0405,3,0.63,3,4,0.5,Offshore,"['T0248', 'T0207']",52,4,22/09/2024,13/11/2024,17/11/2024
T0406,8,0.92,5,4,0.1,Onshore,"['T0001', 'T0124', 'T0373']",59,0,14/09/2025,12/11/2025,12/11/2025
T0407,14,0.99,5,6,0.1,Desert,['T0361'],51,0,17/09/2025,07/11/2025,07/11/2025
T0408,8,0.62,2,5,0.9,Onshore,[],25,0,03/01/2024,28/01/2024,28/01/2024
T0409,13,0.77,1,6,0.3,Offshore,[],10,0,13/01/2024,23/01/2024,23/01/2024
T0410,17,0.61,4,4,0.3,Onshore,"['T0194', 'T0246', 'T0358']",54,0,01/09/2025,25/10/2025,25/10/2025
T0411,19,0.65,2,5,0.3,Offshore,"['T0094', 'T0379', 'T0025']",29,1,01/02/2025,02/03/2025,03/03/2025
T0412,18,0.83,3,6,0.7,Offshore,"['T0327', 'T0380']",48,8,11/10/2025,28/11/2025,06/12/2025
T0413,17,0.78,5,2,0.1,Desert,"['T0333', 'T0108']",62,0,15/08/2025,16/10/2025,16/10/2025
T0414,12,0.74,4,2,0.3,Onshore,"['T0248', 'T0158']",48,0,28/05/2025,15/07/2025,15/07/2025
T0415,18,0.54,5,8,0.1,Desert,"['T0185', 'T0001', 'T0197']",58,0,07/04/2025,04/06/2025,04/06/2025
T0416,6,0.57,4,2,0.5,Offshore,[],57,9,11/01/2024,08/03/2024,17/03/2024
T0417,13,0.57,1,8,0.3,Onshore,"['T0380', 'T0314', 'T0029']",22,0,11/10/2025,02/11/2025,02/11/2025
T0418,8,0.69,3,7,0.9,Offshore,[],43,8,03/01/2024,15/02/2024,23/02/2024
T0419,14,0.62,1,8,0.1,Onshore,[],20,0,14/01/2024,03/02/2024,03/02/2024
T0420,11,0.72,3,2,0.5,Onshore,"['T0194', 'T0385', 'T0023']",37,7,11/10/2025,17/11/2025,24/11/2025
T0421,7,0.68,1,6,0.1,Arctic,"['T0076', 'T0150', 'T0214']",26,0,08/08/2025,03/09/2025,03/09/2025
T0422,7,0.82,3,8,0.5,Offshore,[],39,8,23/01/2024,02/03/2024,10/03/2024
T0423,19,0.78,1,8,0.9,Onshore,"['T0228', 'T0419']",7,8,21/02/2024,28/02/2024,07/03/2024
T0424,8,0.87,1,9,0.9,Desert,['T0418'],10,0,15/02/2024,25/02/2024,25/02/2024
T0425,3,0.9,3,4,0.9,Onshore,"['T0330', 'T0096', 'T0163']",45,9,14/10/2025,28/11/2025,07/12/2025
T0426,8,0.72,3,2,0.1,Onshore,['T0005'],45,0,24/06/2024,08/08/2024,08/08/2024
T0427,15,0.87,2,5,0.3,Arctic,"['T0195', 'T0009', 'T0410']",32,0,25/10/2025,26/11/2025,26/11/2025
T0428,11,0.56,1,9,0.9,Desert,[],18,1,31/01/2024,18/02/2024,19/02/2024
T0429,14,0.63,2,4,0.5,Offshore,"['T0106', 'T0103']",27,7,06/03/2024,02/04/2024,09/04/2024
T0430,14,0.61,3,2,0.7,Onshore,[],48,0,26/01/2024,14/03/2024,14/03/2024
T0431,8,0.8,1,8,0.1,Onshore,['T0125'],26,0,12/03/2024,07/04/2024,07/04/2024
T0432,8,0.94,2,6,0.3,Offshore,[],25,0,16/01/2024,10/02/2024,10/02/2024
T0433,19,0.83,2,6,0.1,Desert,"['T0019', 'T0119', 'T0326']",16,0,28/12/2024,13/01/2025,13/01/2025
T0434,16,0.88,1,4,0.7,Desert,[],14,0,09/01/2024,23/01/2024,23/01/2024
T0435,17,0.64,2,8,0.1,Desert,"['T0281', 'T0030']",27,0,27/04/2025,24/05/2025,24/05/2025
T0436,11,0.72,3,5,0.3,Desert,"['T0008', 'T0325']",43,0,28/03/2025,10/05/2025,10/05/2025
T0437,16,0.94,3,5,0.7,Offshore,"['T0117', 'T0358', 'T0031']",29,9,11/03/2025,09/04/2025,18/04/2025
T0438,16,0.96,3,9,0.3,Desert,['T0130'],30,5,11/04/2024,11/05/2024,16/05/2024
T0439,12,0.78,1,1,0.5,Arctic,['T0200'],24,9,31/01/2026,24/02/2026,05/03/2026
T0440,8,0.78,5,4,0.3,Onshore,[],59,0,27/01/2024,26/03/2024,26/03/2024
T0441,9,0.77,2,4,0.5,Onshore,"['T0098', 'T0429', 'T0213']",27,0,02/04/2024,29/04/2024,29/04/2024
T0442,16,0.58,5,6,0.9,Onshore,"['T0136', 'T0084']",64,9,23/06/2024,26/08/2024,04/09/2024
T0443,8,1,4,3,0.9,Desert,['T0305'],45,6,20/08/2025,04/10/2025,10/10/2025
T0444,7,0.83,5,1,0.1,Arctic,['T0141'],62,1,27/05/2025,28/07/2025,29/07/2025
T0445,4,0.88,2,2,0.9,Onshore,['T0028'],22,0,30/10/2024,21/11/2024,21/11/2024
T0446,19,0.71,1,4,0.3,Onshore,"['T0445', 'T0422']",8,6,21/11/2024,29/11/2024,05/12/2024
T0447,18,0.63,3,4,0.9,Offshore,"['T0008', 'T0350', 'T0382']",32,1,18/09/2025,20/10/2025,21/10/2025
T0448,18,0.88,2,9,0.9,Onshore,[],30,0,15/01/2024,14/02/2024,14/02/2024
T0449,19,0.62,3,5,0.5,Onshore,['T0415'],31,0,04/06/2025,05/07/2025,05/07/2025
T0450,4,0.87,2,8,0.1,Onshore,"['T0283', 'T0179', 'T0359']",25,7,29/07/2025,23/08/2025,30/08/2025
T0451,5,0.54,4,8,0.9,Desert,"['T0340', 'T0034', 'T0154']",55,1,24/06/2025,18/08/2025,19/08/2025
T0452,15,0.8,1,1,0.1,Offshore,"['T0182', 'T0351', 'T0029']",11,0,02/06/2025,13/06/2025,13/06/2025
T0453,3,0.81,1,7,0.9,Onshore,[],22,2,16/01/2024,07/02/2024,09/02/2024
T0454,15,0.69,5,5,0.1,Desert,"['T0323', 'T0084']",56,0,23/06/2024,18/08/2024,18/08/2024
T0455,4,0.89,4,6,0.3,Offshore,"['T0248', 'T0383']",49,0,15/07/2025,02/09/2025,02/09/2025
T0456,8,0.97,1,8,0.5,Arctic,[],13,0,16/01/2024,29/01/2024,29/01/2024
T0457,15,0.66,3,3,0.1,Onshore,[],36,0,19/01/2024,24/02/2024,24/02/2024
T0458,10,0.73,5,3,0.7,Offshore,"['T0324', 'T0175', 'T0053']",60,0,02/09/2025,01/11/2025,01/11/2025
T0459,19,0.81,1,1,0.3,Offshore,"['T0258', 'T0045', 'T0420']",15,6,17/11/2025,02/12/2025,08/12/2025
T0460,3,0.87,5,6,0.3,Desert,"['T0054', 'T0037', 'T0201']",49,0,05/10/2025,23/11/2025,23/11/2025
T0461,19,0.56,2,4,0.5,Desert,"['T0395', 'T0448', 'T0330']",28,0,09/04/2025,07/05/2025,07/05/2025
T0462,6,0.78,2,9,0.5,Offshore,"['T0224', 'T0278']",42,2,07/04/2025,19/05/2025,21/05/2025
T0463,13,0.57,1,6,0.1,Desert,"['T0329', 'T0015']",19,0,26/02/2024,16/03/2024,16/03/2024
T0464,13,0.87,4,3,0.9,Onshore,[],44,5,09/01/2024,22/02/2024,27/02/2024
T0465,3,0.61,2,7,0.7,Offshore,[],35,9,23/01/2024,27/02/2024,07/03/2024
T0466,11,0.71,2,7,0.1,Arctic,[],35,8,09/01/2024,13/02/2024,21/02/2024
T0467,7,0.57,5,5,0.9,Arctic,"['T0241', 'T0305', 'T0231']",70,2,20/08/2025,29/10/2025,31/10/2025
T0468,14,0.66,5,6,0.7,Desert,"['T0441', 'T0320']",57,7,12/10/2025,08/12/2025,15/12/2025
T0469,5,0.9,4,1,0.3,Desert,"['T0142', 'T0425']",53,3,28/11/2025,20/01/2026,23/01/2026
T0470,12,0.64,4,3,0.1,Arctic,[],45,0,27/01/2024,12/03/2024,12/03/2024
T0471,7,0.6,4,8,0.9,Desert,"['T0311', 'T0255']",50,3,25/10/2024,14/12/2024,17/12/2024
T0472,11,0.6,5,6,0.9,Onshore,"['T0134', 'T0069']",63,8,22/05/2024,24/07/2024,01/08/2024
T0473,19,0.5,3,6,0.1,Onshore,"['T0124', 'T0185', 'T0419']",34,3,29/05/2025,02/07/2025,05/07/2025
T0474,7,0.54,3,5,0.7,Desert,['T0018'],41,5,26/08/2024,06/10/2024,11/10/2024
T0475,11,0.83,5,6,0.9,Desert,"['T0068', 'T0345']",58,9,16/09/2024,13/11/2024,22/11/2024
T0476,5,0.9,2,6,0.5,Desert,[],30,1,28/01/2024,27/02/2024,28/02/2024
T0477,3,0.59,4,8,0.7,Arctic,"['T0335', 'T0021', 'T0113']",64,9,26/05/2025,29/07/2025,07/08/2025
T0478,3,0.68,3,3,0.5,Onshore,[],46,7,13/01/2024,28/02/2024,06/03/2024
T0479,17,0.59,2,6,0.7,Offshore,"['T0119', 'T0192', 'T0039']",34,0,18/09/2024,22/10/2024,22/10/2024
T0480,15,0.75,5,7,0.1,Offshore,"['T0035', 'T0472', 'T0449']",72,0,05/07/2025,15/09/2025,15/09/2025
T0481,11,0.7,2,9,0.1,Onshore,"['T0161', 'T0245', 'T0316']",29,0,23/06/2025,22/07/2025,22/07/2025
T0482,19,0.61,2,8,0.5,Onshore,"['T0047', 'T0141']",29,0,27/05/2025,25/06/2025,25/06/2025
T0483,18,0.98,4,2,0.1,Onshore,[],48,0,19/01/2024,07/03/2024,07/03/2024
T0484,11,0.54,4,6,0.3,Offshore,[],56,7,11/01/2024,07/03/2024,14/03/2024
T0485,16,0.65,1,3,0.9,Arctic,['T0363'],19,7,02/11/2024,21/11/2024,28/11/2024
T0486,16,0.97,5,2,0.7,Desert,"['T0124', 'T0430', 'T0370']",49,0,29/05/2025,17/07/2025,17/07/2025
T0487,4,0.98,5,5,0.3,Desert,['T0436'],52,7,10/05/2025,01/07/2025,08/07/2025
T0488,3,0.65,4,6,0.5,Offshore,"['T0035', 'T0062']",60,0,18/04/2025,17/06/2025,17/06/2025
T0489,14,0.97,2,9,0.5,Desert,"['T0484', 'T0236', 'T0011']",24,0,22/10/2024,15/11/2024,15/11/2024
T0490,17,0.77,1,7,0.1,Offshore,[],17,0,29/01/2024,15/02/2024,15/02/2024
T0491,6,0.77,1,5,0.1,Offshore,"['T0345', 'T0240']",25,0,25/07/2025,19/08/2025,19/08/2025
T0492,18,0.93,5,2,0.5,Arctic,[],50,0,20/01/2024,10/03/2024,10/03/2024
T0493,18,0.97,4,5,0.7,Offshore,"['T0463', 'T0481', 'T0003']",43,0,22/07/2025,03/09/2025,03/09/2025
T0494,13,0.96,4,2,0.9,Desert,[],55,8,29/01/2024,24/03/2024,01/04/2024
T0495,4,0.82,2,2,0.3,Offshore,[],39,8,09/01/2024,17/02/2024,25/02/2024
T0496,17,0.73,3,1,0.7,Onshore,"['T0097', 'T0311', 'T0064']",45,7,21/04/2025,05/06/2025,12/06/2025
T0497,7,0.69,3,4,0.9,Offshore,['T0029'],41,9,06/01/2025,16/02/2025,25/02/2025
T0498,4,0.86,3,1,0.7,Arctic,"['T0495', 'T0491', 'T0317']",42,0,19/08/2025,30/09/2025,30/09/2025
T0499,18,0.7,5,9,0.7,Arctic,['T0034'],57,0,29/02/2024,26/04/2024,26/04/2024
T0500,13,0.78,2,8,0.7,Offshore,[],26,9,07/01/2024,02/02/2024,11/02/2024
T0501,11,0.52,4,3,0.7,Desert,['T0079'],54,7,30/11/2024,23/01/2025,30/01/2025
T0502,17,0.79,1,7,0.1,Offshore,"['T0063', 'T0257']",22,0,15/02/2024,08/03/2024,08/03/2024
T0503,18,0.88,1,4,0.3,Onshore,[],12,0,22/01/2024,03/02/2024,03/02/2024
T0504,12,0.62,3,3,0.3,Desert,[],42,4,09/01/2024,20/02/2024,24/02/2024
T0505,15,0.72,2,9,0.5,Arctic,[],31,6,27/01/2024,27/02/2024,04/03/2024
T0506,13,0.8,5,4,0.1,Onshore,['T0348'],67,0,22/09/2025,28/11/2025,28/11/2025
T0507,12,0.66,2,3,0.9,Arctic,"['T0013', 'T0363']",26,0,18/12/2024,13/01/2025,13/01/2025
T0508,8,0.82,1,6,0.7,Onshore,"['T0283', 'T0150']",23,9,08/08/2025,31/08/2025,09/09/2025
T0509,16,0.81,2,5,0.3,Desert,"['T0166', 'T0276', 'T0199']",23,1,25/09/2025,18/10/2025,19/10/2025
T0510,9,0.79,5,9,0.3,Offshore,[],65,0,17/01/2024,22/03/2024,22/03/2024
T0511,18,0.67,5,4,0.3,Desert,"['T0297', 'T0078']",56,0,07/05/2024,02/07/2024,02/07/2024
T0512,13,0.81,5,4,0.5,Desert,[],64,6,30/01/2024,03/04/2024,09/04/2024
T0513,13,0.68,1,9,0.9,Offshore,"['T0390', 'T0488', 'T0048']",24,2,17/06/2025,11/07/2025,13/07/2025
T0514,4,0.51,2,6,0.7,Offshore,"['T0074', 'T0070']",34,8,12/04/2025,16/05/2025,24/05/2025
T0515,15,0.83,2,9,0.3,Arctic,['T0502'],35,0,08/03/2024,12/04/2024,12/04/2024
T0516,16,0.59,2,2,0.3,Arctic,"['T0262', 'T0070']",30,0,18/01/2025,17/02/2025,17/02/2025
T0517,6,0.7,1,3,0.9,Onshore,['T0280'],28,1,02/06/2025,30/06/2025,01/07/2025
T0518,19,0.76,4,4,0.7,Offshore,"['T0050', 'T0020', 'T0055']",46,8,01/04/2025,17/05/2025,25/05/2025
T0519,5,0.95,2,8,0.3,Offshore,[],20,0,08/01/2024,28/01/2024,28/01/2024
T0520,15,0.94,2,5,0.9,Offshore,['T0333'],25,1,15/08/2025,09/09/2025,10/09/2025
T0521,11,0.94,5,1,0.9,Onshore,"['T0451', 'T0027']",49,8,18/08/2025,06/10/2025,14/10/2025
T0522,3,0.91,5,1,0.1,Desert,"['T0348', 'T0354']",57,0,22/09/2025,18/11/2025,18/11/2025
T0523,17,0.52,3,3,0.3,Desert,"['T0022', 'T0426']",38,0,08/08/2024,15/09/2024,15/09/2024
T0524,14,0.67,5,4,0.5,Arctic,['T0284'],66,0,09/03/2024,14/05/2024,14/05/2024
T0525,6,0.72,1,5,0.5,Arctic,"['T0339', 'T0242', 'T0405']",18,2,17/11/2025,05/12/2025,07/12/2025
T0526,18,0.51,3,1,0.1,Desert,"['T0221', 'T0270']",45,0,22/01/2025,08/03/2025,08/03/2025
T0527,3,0.75,1,1,0.5,Onshore,['T0438'],24,2,11/05/2024,04/06/2024,06/06/2024
T0528,3,0.69,5,6,0.9,Offshore,"['T0333', 'T0327', 'T0025']",67,7,15/08/2025,21/10/2025,28/10/2025
T0529,11,0.64,3,6,0.3,Onshore,[],40,0,11/01/2024,20/02/2024,20/02/2024
T0530,18,0.74,5,5,0.7,Desert,[],59,0,02/01/2024,01/03/2024,01/03/2024
T0531,9,0.87,5,7,0.3,Onshore,['T0369'],52,0,01/10/2024,22/11/2024,22/11/2024
T0532,16,0.61,1,1,0.7,Desert,"['T0261', 'T0376', 'T0288']",23,8,11/10/2025,03/11/2025,11/11/2025
T0533,7,0.78,2,1,0.7,Onshore,[],25,0,28/01/2024,22/02/2024,22/02/2024
T0534,19,0.54,4,7,0.3,Offshore,"['T0109', 'T0095']",53,0,15/05/2025,07/07/2025,07/07/2025
T0535,7,0.77,3,5,0.1,Desert,"['T0297', 'T0093']",39,0,25/06/2025,03/08/2025,03/08/2025
T0536,17,0.74,3,6,0.1,Arctic,"['T0497', 'T0489']",33,0,16/02/2025,21/03/2025,21/03/2025
T0537,12,0.97,2,3,0.3,Offshore,['T0190'],19,0,21/07/2025,09/08/2025,09/08/2025
T0538,15,0.64,4,1,0.9,Arctic,"['T0252', 'T0212']",45,7,20/07/2025,03/09/2025,10/09/2025
T0539,17,0.67,3,8,0.3,Desert,"['T0423', 'T0138', 'T0228']",37,7,19/05/2024,25/06/2024,02/07/2024
T0540,13,0.56,4,7,0.7,Arctic,[],61,3,23/01/2024,24/03/2024,27/03/2024
T0541,11,0.75,2,6,0.5,Offshore,['T0359'],30,0,29/07/2025,28/08/2025,28/08/2025
T0542,5,0.54,5,7,0.9,Arctic,"['T0017', 'T0316']",75,5,19/12/2024,04/03/2025,09/03/2025
T0543,3,0.73,2,3,0.3,Arctic,"['T0278', 'T0307']",41,0,05/04/2024,16/05/2024,16/05/2024
T0544,13,0.84,1,1,0.1,Onshore,"['T0443', 'T0280']",15,0,04/10/2025,19/10/2025,19/10/2025
T0545,19,0.67,5,7,0.3,Onshore,"['T0200', 'T0335', 'T0102']",53,0,31/01/2026,25/03/2026,25/03/2026
T0546,18,0.94,1,9,0.3,Offshore,"['T0271', 'T0364', 'T0167']",20,0,24/04/2025,14/05/2025,14/05/2025
T0547,6,0.97,3,3,0.3,Desert,"['T0108', 'T0284']",47,0,09/03/2024,25/04/2024,25/04/2024
T0548,11,0.64,4,2,0.1,Onshore,['T0304'],64,0,19/07/2024,21/09/2024,21/09/2024
T0549,8,0.71,2,8,0.1,Desert,"['T0273', 'T0194', 'T0048']",31,0,01/09/2025,02/10/2025,02/10/2025
T0550,3,0.96,4,8,0.3,Onshore,['T0301'],44,0,24/02/2025,09/04/2025,09/04/2025
T0551,17,0.73,2,9,0.1,Onshore,['T0348'],23,0,22/09/2025,15/10/2025,15/10/2025
T0552,7,0.61,1,5,0.9,Arctic,"['T0030', 'T0452', 'T0056']",32,4,13/06/2025,15/07/2025,19/07/2025
T0553,5,0.52,5,6,0.5,Desert,[],63,0,26/01/2024,29/03/2024,29/03/2024
T0554,6,0.65,2,4,0.3,Arctic,"['T0285', 'T0177']",32,1,27/03/2025,28/04/2025,29/04/2025
T0555,8,0.68,4,5,0.5,Desert,['T0355'],53,1,11/09/2025,03/11/2025,04/11/2025
T0556,9,0.84,5,5,0.7,Onshore,[],52,6,13/01/2024,05/03/2024,11/03/2024
T0557,8,0.64,3,8,0.7,Arctic,[],42,0,05/01/2024,16/02/2024,16/02/2024
T0558,19,0.74,4,5,0.1,Arctic,[],43,0,12/01/2024,24/02/2024,24/02/2024
T0559,12,0.92,1,1,0.7,Desert,"['T0226', 'T0166']",17,5,25/09/2025,12/10/2025,17/10/2025
T0560,11,0.92,4,7,0.9,Onshore,"['T0536', 'T0425', 'T0298']",41,9,28/11/2025,08/01/2026,17/01/2026
T0561,5,0.78,4,1,0.7,Offshore,"['T0009', 'T0112']",59,0,29/05/2025,27/07/2025,27/07/2025
T0562,17,0.76,5,9,0.3,Onshore,"['T0083', 'T0016', 'T0302']",63,8,07/04/2025,09/06/2025,17/06/2025
T0563,4,0.72,1,3,0.3,Arctic,"['T0242', 'T0008', 'T0061']",29,9,31/12/2024,29/01/2025,07/02/2025
T0564,14,0.64,4,4,0.3,Onshore,['T0497'],51,0,16/02/2025,08/04/2025,08/04/2025
T0565,19,0.65,5,1,0.5,Onshore,[],59,0,10/01/2024,09/03/2024,09/03/2024
T0566,4,0.82,1,8,0.3,Onshore,"['T0011', 'T0084', 'T0214']",27,7,24/07/2025,20/08/2025,27/08/2025
T0567,19,0.96,5,3,0.1,Offshore,['T0338'],61,0,10/05/2024,10/07/2024,10/07/2024
T0568,11,0.95,3,4,0.9,Offshore,['T0143'],42,8,23/07/2025,03/09/2025,11/09/2025
T0569,6,0.95,1,2,0.5,Offshore,"['T0542', 'T0263', 'T0254']",24,0,03/05/2025,27/05/2025,27/05/2025
T0570,18,0.94,3,3,0.9,Offshore,"['T0232', 'T0250', 'T0291']",30,4,10/06/2025,10/07/2025,14/07/2025
T0571,17,0.61,1,6,0.9,Onshore,[],11,1,12/01/2024,23/01/2024,24/01/2024
T0572,14,0.62,4,2,0.3,Arctic,[],41,2,08/01/2024,18/02/2024,20/02/2024
T0573,3,0.68,5,4,0.9,Offshore,"['T0568', 'T0450', 'T0173']",70,0,03/09/2025,12/11/2025,12/11/2025
T0574,4,0.6,2,5,0.3,Arctic,['T0123'],42,0,07/08/2024,18/09/2024,18/09/2024
T0575,15,0.78,2,8,0.1,Offshore,"['T0064', 'T0500', 'T0070']",26,0,26/10/2024,21/11/2024,21/11/2024
T0576,13,0.52,2,7,0.1,Arctic,['T0272'],27,9,19/05/2025,15/06/2025,24/06/2025
T0577,17,0.71,2,5,0.5,Desert,"['T0041', 'T0202', 'T0403']",37,5,17/02/2025,26/03/2025,31/03/2025
T0578,10,0.75,4,3,0.1,Desert,"['T0574', 'T0045']",45,0,18/09/2024,02/11/2024,02/11/2024
T0579,6,0.93,2,7,0.3,Offshore,[],30,0,19/01/2024,18/02/2024,18/02/2024
T0580,9,0.71,5,7,0.9,Desert,[],59,7,30/01/2024,29/03/2024,05/04/2024
T0581,5,0.66,5,3,0.7,Arctic,"['T0317', 'T0303', 'T0309']",73,0,18/08/2025,30/10/2025,30/10/2025
T0582,6,0.96,2,8,0.5,Desert,['T0074'],29,0,12/04/2025,11/05/2025,11/05/2025
T0583,17,0.86,5,4,0.5,Offshore,['T0006'],58,0,08/05/2024,05/07/2024,05/07/2024
T0584,3,0.81,5,3,0.9,Offshore,"['T0384', 'T0232']",67,7,21/06/2025,27/08/2025,03/09/2025
T0585,8,0.77,4,9,0.7,Offshore,['T0157'],48,4,09/11/2024,27/12/2024,31/12/2024
T0586,5,0.77,1,5,0.3,Arctic,[],19,3,03/01/2024,22/01/2024,25/01/2024
T0587,6,0.76,4,5,0.9,Desert,['T0415'],51,2,04/06/2025,25/07/2025,27/07/2025
T0588,9,0.68,2,6,0.1,Arctic,"['T0111', 'T0060']",29,0,01/09/2024,30/09/2024,30/09/2024
T0589,6,0.99,3,6,0.3,Onshore,"['T0174', 'T0061', 'T0281']",37,0,27/04/2025,03/06/2025,03/06/2025
T0590,7,0.65,4,8,0.7,Onshore,[],59,4,21/01/2024,20/03/2024,24/03/2024
T0591,6,0.76,4,6,0.3,Arctic,[],50,0,13/01/2024,03/03/2024,03/03/2024
T0592,7,0.75,2,6,0.3,Onshore,"['T0284', 'T0350', 'T0066']",20,0,18/08/2025,07/09/2025,07/09/2025
T0593,5,0.9,2,8,0.7,Arctic,['T0239'],18,0,09/02/2024,27/02/2024,27/02/2024
T0594,17,0.8,1,4,0.9,Arctic,[],16,8,11/01/2024,27/01/2024,04/02/2024
T0595,18,0.67,4,9,0.5,Arctic,['T0495'],38,0,17/02/2024,26/03/2024,26/03/2024
T0596,15,0.75,1,8,0.9,Onshore,['T0509'],9,6,18/10/2025,27/10/2025,02/11/2025
T0597,11,0.72,2,4,0.7,Desert,['T0342'],38,4,02/02/2024,11/03/2024,15/03/2024
T0598,5,0.75,1,2,0.3,Arctic,"['T0077', 'T0232']",23,4,14/06/2025,07/07/2025,11/07/2025
T0599,16,0.85,4,5,0.9,Offshore,[],45,0,07/01/2024,21/02/2024,21/02/2024
T0600,4,0.99,4,5,0.1,Onshore,[],51,0,25/01/2024,16/03/2024,16/03/2024
T0601,13,0.72,2,7,0.7,Offshore,"['T0365', 'T0321', 'T0357']",35,0,28/11/2025,02/01/2026,02/01/2026
T0602,15,0.8,1,7,0.7,Offshore,['T0436'],10,4,10/05/2025,20/05/2025,24/05/2025
T0603,7,0.53,3,1,0.1,Onshore,"['T0069', 'T0378', 'T0335']",49,0,26/04/2024,14/06/2024,14/06/2024
T0604,8,0.72,3,6,0.5,Arctic,[],42,9,16/01/2024,27/02/2024,07/03/2024
T0605,4,0.91,4,8,0.7,Offshore,[],58,3,22/01/2024,20/03/2024,23/03/2024
T0606,8,0.8,3,4,0.3,Desert,[],41,5,18/01/2024,28/02/2024,04/03/2024
T0607,16,0.75,1,8,0.3,Onshore,['T0026'],30,0,15/05/2024,14/06/2024,14/06/2024
T0608,16,0.8,2,2,0.7,Offshore,"['T0303', 'T0370', 'T0149']",27,6,18/08/2025,14/09/2025,20/09/2025
T0609,15,0.69,2,7,0.5,Offshore,"['T0028', 'T0319']",39,4,30/10/2024,08/12/2024,12/12/2024
T0610,6,0.68,1,5,0.9,Offshore,"['T0061', 'T0458']",25,6,01/11/2025,26/11/2025,02/12/2025
T0611,14,0.9,5,8,0.1,Arctic,['T0337'],49,0,11/10/2025,29/11/2025,29/11/2025
T0612,10,0.54,5,7,0.5,Arctic,"['T0592', 'T0121']",67,0,07/09/2025,13/11/2025,13/11/2025
T0613,3,0.81,5,4,0.3,Desert,[],55,0,21/01/2024,16/03/2024,16/03/2024
T0614,19,0.71,1,7,0.7,Offshore,[],13,9,09/01/2024,22/01/2024,31/01/2024
T0615,15,0.86,1,6,0.5,Onshore,['T0036'],23,0,08/03/2025,31/03/2025,31/03/2025
T0616,17,0.89,3,3,0.9,Arctic,"['T0490', 'T0181', 'T0159']",34,3,12/08/2025,15/09/2025,18/09/2025
T0617,16,0.54,5,1,0.1,Onshore,[],59,7,04/01/2024,03/03/2024,10/03/2024
T0618,19,0.87,2,1,0.9,Desert,"['T0078', 'T0137', 'T0210']",30,6,15/06/2025,15/07/2025,21/07/2025
T0619,15,0.83,5,8,0.3,Desert,"['T0025', 'T0527', 'T0592']",52,5,07/09/2025,29/10/2025,03/11/2025
T0620,18,0.57,2,5,0.5,Desert,['T0188'],28,9,18/07/2025,15/08/2025,24/08/2025
T0621,10,0.93,1,1,0.7,Offshore,"['T0521', 'T0598']",15,8,06/10/2025,21/10/2025,29/10/2025
T0622,10,0.56,2,5,0.9,Onshore,"['T0351', 'T0597']",28,7,11/03/2024,08/04/2024,15/04/2024
T0623,14,0.51,4,5,0.1,Arctic,"['T0290', 'T0464', 'T0030']",45,0,06/11/2025,21/12/2025,21/12/2025
T0624,12,0.64,3,4,0.5,Desert,[],51,0,21/01/2024,12/03/2024,12/03/2024
T0625,8,0.94,2,3,0.1,Desert,['T0562'],30,0,09/06/2025,09/07/2025,09/07/2025
T0626,4,0.9,5,2,0.9,Onshore,"['T0552', 'T0332']",70,8,15/07/2025,23/09/2025,01/10/2025
T0627,14,0.67,3,1,0.5,Desert,[],42,0,22/01/2024,04/03/2024,04/03/2024
T0628,10,0.51,4,3,0.7,Desert,[],54,0,29/01/2024,23/03/2024,23/03/2024
T0629,10,0.92,2,2,0.7,Offshore,[],30,7,05/01/2024,04/02/2024,11/02/2024
T0630,5,0.83,2,2,0.5,Onshore,[],26,0,02/01/2024,28/01/2024,28/01/2024
T0631,4,0.99,2,7,0.3,Arctic,['T0409'],25,0,23/01/2024,17/02/2024,17/02/2024
T0632,5,0.74,5,6,0.7,Arctic,[],63,4,01/01/2024,04/03/2024,08/03/2024
T0633,3,0.75,2,6,0.9,Onshore,"['T0621', 'T0243']",31,4,21/10/2025,21/11/2025,25/11/2025
T0634,4,0.72,5,2,0.9,Desert,"['T0068', 'T0446', 'T0221']",60,0,22/01/2025,23/03/2025,23/03/2025
T0635,19,0.93,5,4,0.1,Offshore,[],59,0,14/01/2024,13/03/2024,13/03/2024
T0636,13,0.55,4,5,0.7,Onshore,['T0498'],43,0,30/09/2025,12/11/2025,12/11/2025
T0637,4,0.71,5,9,0.5,Desert,"['T0157', 'T0075']",62,4,12/04/2025,13/06/2025,17/06/2025
T0638,7,0.68,2,3,0.3,Offshore,[],26,0,02/01/2024,28/01/2024,28/01/2024
T0639,15,0.55,1,5,0.7,Desert,['T0137'],18,6,15/06/2025,03/07/2025,09/07/2025
T0640,18,0.91,4,2,0.9,Desert,[],48,4,08/01/2024,25/02/2024,29/02/2024
T0641,6,0.81,3,5,0.1,Desert,['T0419'],42,0,03/02/2024,16/03/2024,16/03/2024
T0642,13,0.72,3,8,0.7,Onshore,"['T0106', 'T0318', 'T0566']",44,6,20/08/2025,03/10/2025,09/10/2025
T0643,11,0.8,2,5,0.9,Desert,['T0261'],27,1,06/07/2025,02/08/2025,03/08/2025
T0644,7,0.84,2,8,0.1,Arctic,"['T0412', 'T0227']",36,0,28/11/2025,03/01/2026,03/01/2026
T0645,8,0.95,5,6,0.1,Desert,"['T0073', 'T0246', 'T0390']",57,0,25/07/2025,20/09/2025,20/09/2025
T0646,13,0.89,4,5,0.1,Onshore,"['T0580', 'T0017']",40,0,29/03/2024,08/05/2024,08/05/2024
T0647,9,0.66,4,1,0.1,Offshore,['T0431'],48,0,07/04/2024,25/05/2024,25/05/2024
T0648,5,0.73,1,1,0.1,Offshore,['T0296'],33,0,29/01/2025,03/03/2025,03/03/2025
T0649,19,0.56,1,9,0.1,Offshore,[],12,0,07/01/2024,19/01/2024,19/01/2024
T0650,3,0.8,5,7,0.9,Offshore,['T0490'],67,8,15/02/2024,22/04/2024,30/04/2024
T0651,17,0.55,4,9,0.7,Onshore,"['T0150', 'T0242']",46,7,08/08/2025,23/09/2025,30/09/2025
T0652,10,0.78,3,2,0.7,Desert,"['T0200', 'T0258', 'T0093']",37,6,31/01/2026,09/03/2026,15/03/2026
T0653,19,0.52,2,9,0.3,Desert,['T0439'],31,5,24/02/2026,27/03/2026,01/04/2026
T0654,8,0.52,3,2,0.7,Desert,[],45,9,26/01/2024,11/03/2024,20/03/2024
T0655,11,0.71,3,6,0.5,Offshore,"['T0088', 'T0407']",37,6,07/11/2025,14/12/2025,20/12/2025
T0656,6,0.55,2,7,0.1,Onshore,['T0391'],33,0,15/08/2025,17/09/2025,17/09/2025
T0657,14,0.89,1,2,0.5,Offshore,[],7,0,13/01/2024,20/01/2024,20/01/2024
T0658,19,0.9,4,6,0.3,Onshore,['T0381'],43,0,16/05/2025,28/06/2025,28/06/2025
T0659,17,1,1,5,0.5,Offshore,['T0162'],10,4,13/03/2025,23/03/2025,27/03/2025
T0660,4,0.59,3,3,0.5,Desert,[],53,9,09/01/2024,02/03/2024,11/03/2024
T0661,4,0.61,1,1,0.3,Desert,"['T0660', 'T0398', 'T0005']",33,0,24/06/2024,27/07/2024,27/07/2024
T0662,5,0.89,3,6,0.3,Arctic,[],40,0,19/01/2024,28/02/2024,28/02/2024
T0663,12,0.63,5,9,0.7,Onshore,['T0588'],67,2,30/09/2024,06/12/2024,08/12/2024
T0664,13,0.96,3,5,0.5,Desert,"['T0312', 'T0007']",32,5,24/05/2025,25/06/2025,30/06/2025
T0665,9,0.9,3,9,0.5,Offshore,['T0490'],37,2,15/02/2024,23/03/2024,25/03/2024
T0666,7,0.67,3,3,0.3,Onshore,"['T0392', 'T0076']",43,0,20/03/2025,02/05/2025,02/05/2025
T0667,19,0.7,4,1,0.1,Arctic,"['T0179', 'T0204']",44,0,27/12/2024,09/02/2025,09/02/2025
T0668,14,0.86,3,7,0.9,Onshore,"['T0369', 'T0567', 'T0485']",26,3,21/11/2024,17/12/2024,20/12/2024
T0669,3,0.96,3,6,0.1,Offshore,['T0311'],38,0,20/02/2024,29/03/2024,29/03/2024
T0670,11,0.59,5,8,0.7,Onshore,['T0150'],50,4,08/08/2025,27/09/2025,01/10/2025
T0671,13,0.8,2,1,0.9,Arctic,['T0280'],37,5,02/06/2025,09/07/2025,14/07/2025
T0672,19,0.83,3,8,0.1,Arctic,['T0201'],36,0,05/10/2025,10/11/2025,10/11/2025
T0673,10,0.65,4,3,0.9,Offshore,"['T0194', 'T0160']",54,2,05/09/2025,29/10/2025,31/10/2025
T0674,12,0.88,1,9,0.7,Arctic,['T0230'],10,9,12/03/2024,22/03/2024,31/03/2024
T0675,19,0.87,1,2,0.1,Desert,['T0403'],18,0,04/03/2024,22/03/2024,22/03/2024
T0676,14,0.9,2,5,0.9,Arctic,"['T0243', 'T0144']",22,9,06/08/2025,28/08/2025,06/09/2025
T0677,4,0.5,3,2,0.9,Offshore,"['T0173', 'T0104']",47,2,09/03/2024,25/04/2024,27/04/2024
T0678,5,0.71,4,7,0.7,Desert,"['T0212', 'T0555', 'T0265']",55,9,03/11/2025,28/12/2025,06/01/2026
T0679,10,0.86,2,8,0.1,Arctic,"['T0678', 'T0405']",18,0,28/12/2025,15/01/2026,15/01/2026
T0680,18,0.88,1,1,0.5,Onshore,['T0280'],13,0,02/06/2025,15/06/2025,15/06/2025
T0681,4,0.52,5,7,0.3,Desert,"['T0242', 'T0398']",75,0,31/12/2024,16/03/2025,16/03/2025
T0682,13,0.58,2,3,0.3,Offshore,['T0076'],33,0,28/02/2025,02/04/2025,02/04/2025
T0683,3,0.66,2,7,0.7,Onshore,"['T0293', 'T0550']",47,0,02/07/2025,18/08/2025,18/08/2025
T0684,18,0.54,2,3,0.9,Desert,"['T0490', 'T0233']",26,0,21/09/2025,17/10/2025,17/10/2025
T0685,12,0.64,1,6,0.1,Desert,"['T0001', 'T0392', 'T0552']",16,4,15/07/2025,31/07/2025,04/08/2025
T0686,7,0.82,1,2,0.5,Desert,[],21,0,20/01/2024,10/02/2024,10/02/2024
T0687,19,0.68,2,2,0.1,Desert,"['T0460', 'T0283', 'T0186']",33,0,23/11/2025,26/12/2025,26/12/2025
T0688,14,0.72,1,2,0.3,Desert,"['T0198', 'T0547']",15,0,25/04/2024,10/05/2024,10/05/2024
T0689,11,0.61,5,8,0.7,Desert,['T0521'],64,8,06/10/2025,09/12/2025,17/12/2025
T0690,11,0.7,3,7,0.7,Onshore,[],33,5,14/01/2024,16/02/2024,21/02/2024
T0691,11,0.98,4,7,0.9,Onshore,"['T0641', 'T0424', 'T0551']",46,0,15/10/2025,30/11/2025,30/11/2025
T0692,5,0.78,5,8,0.3,Onshore,[],61,4,04/01/2024,05/03/2024,09/03/2024
T0693,14,0.63,2,5,0.7,Offshore,[],32,0,05/01/2024,06/02/2024,06/02/2024
T0694,9,0.71,5,5,0.9,Offshore,"['T0306', 'T0111', 'T0452']",59,6,13/06/2025,11/08/2025,17/08/2025
T0695,3,0.73,5,4,0.3,Desert,[],60,0,11/01/2024,11/03/2024,11/03/2024
T0696,18,0.96,2,4,0.9,Onshore,"['T0660', 'T0587', 'T0569']",18,8,25/07/2025,12/08/2025,20/08/2025
T0697,6,0.64,1,5,0.1,Desert,"['T0466', 'T0178', 'T0613']",27,0,07/08/2024,03/09/2024,03/09/2024
T0698,3,0.59,4,1,0.1,Onshore,"['T0619', 'T0552', 'T0463']",56,0,29/10/2025,24/12/2025,24/12/2025
T0699,9,0.85,4,8,0.5,Onshore,[],52,0,23/01/2024,15/03/2024,15/03/2024
T0700,6,0.9,2,8,0.1,Arctic,"['T0690', 'T0521', 'T0400']",29,0,06/10/2025,04/11/2025,04/11/2025
T0701,11,0.61,2,4,0.1,Desert,"['T0318', 'T0677']",41,0,25/04/2024,05/06/2024,05/06/2024
T0702,3,0.5,5,5,0.5,Onshore,"['T0181', 'T0349']",69,0,12/08/2025,20/10/2025,20/10/2025
T0703,7,0.59,3,1,0.3,Desert,"['T0201', 'T0630', 'T0389']",48,0,05/10/2025,22/11/2025,22/11/2025
T0704,15,0.97,4,5,0.1,Desert,"['T0242', 'T0342']",49,0,31/12/2024,18/02/2025,18/02/2025
T0705,12,0.69,1,4,0.7,Offshore,"['T0638', 'T0320']",21,4,12/10/2025,02/11/2025,06/11/2025
T0706,6,0.6,4,3,0.3,Offshore,[],59,5,07/01/2024,06/03/2024,11/03/2024
T0707,5,0.78,1,4,0.1,Arctic,[],19,0,30/01/2024,18/02/2024,18/02/2024
T0708,13,0.86,4,8,0.5,Offshore,['T0126'],47,3,06/02/2024,24/03/2024,27/03/2024
T0709,10,0.56,5,8,0.3,Offshore,['T0397'],63,3,05/07/2025,06/09/2025,09/09/2025
T0710,8,0.74,5,8,0.7,Desert,[],61,6,03/01/2024,04/03/2024,10/03/2024
T0711,14,0.82,3,2,0.7,Offshore,"['T0563', 'T0429']",36,0,29/01/2025,06/03/2025,06/03/2025
T0712,9,0.75,1,9,0.1,Offshore,[],16,0,21/01/2024,06/02/2024,06/02/2024
T0713,14,0.66,4,3,0.1,Desert,"['T0074', 'T0055']",43,0,12/04/2025,25/05/2025,25/05/2025
T0714,15,0.69,2,4,0.7,Onshore,[],30,7,21/01/2024,20/02/2024,27/02/2024
T0715,7,0.93,5,4,0.1,Offshore,"['T0689', 'T0614', 'T0389']",47,0,09/12/2025,25/01/2026,25/01/2026
T0716,18,0.67,2,1,0.1,Onshore,[],26,0,15/01/2024,10/02/2024,10/02/2024
T0717,14,0.82,2,3,0.7,Desert,['T0407'],26,7,07/11/2025,03/12/2025,10/12/2025
T0718,9,0.89,4,2,0.7,Desert,[],45,1,23/01/2024,08/03/2024,09/03/2024
T0719,6,0.61,1,7,0.3,Onshore,"['T0140', 'T0467', 'T0222']",19,4,29/10/2025,17/11/2025,21/11/2025
T0720,17,0.85,5,6,0.7,Offshore,['T0391'],57,4,15/08/2025,11/10/2025,15/10/2025
T0721,19,0.99,1,2,0.5,Arctic,['T0135'],17,0,22/03/2024,08/04/2024,08/04/2024
T0722,19,0.97,5,4,0.7,Offshore,[],52,6,27/01/2024,19/03/2024,25/03/2024
T0723,9,0.76,3,6,0.1,Offshore,"['T0669', 'T0319']",35,1,29/03/2024,03/05/2024,04/05/2024
T0724,4,0.74,3,3,0.1,Offshore,[],38,0,27/01/2024,05/03/2024,05/03/2024
T0725,13,0.57,1,5,0.7,Onshore,"['T0001', 'T0275']",16,5,18/06/2025,04/07/2025,09/07/2025
T0726,14,0.7,4,7,0.3,Desert,"['T0447', 'T0226', 'T0446']",48,0,20/10/2025,07/12/2025,07/12/2025
T0727,12,0.99,1,6,0.9,Offshore,"['T0363', 'T0402']",10,8,11/10/2025,21/10/2025,29/10/2025
T0728,7,0.76,5,9,0.5,Desert,['T0694'],60,9,11/08/2025,10/10/2025,19/10/2025
T0729,18,0.99,3,5,0.7,Arctic,[],39,6,07/01/2024,15/02/2024,21/02/2024
T0730,12,0.6,3,2,0.1,Desert,[],39,0,16/01/2024,24/02/2024,24/02/2024
T0731,9,0.69,5,6,0.3,Arctic,[],57,0,06/01/2024,03/03/2024,03/03/2024
T0732,12,0.82,5,8,0.3,Offshore,['T0268'],58,0,21/04/2024,18/06/2024,18/06/2024
T0733,16,0.66,5,8,0.5,Onshore,[],58,0,10/01/2024,08/03/2024,08/03/2024
T0734,11,0.85,2,5,0.7,Arctic,[],23,6,19/01/2024,11/02/2024,17/02/2024
T0735,18,0.89,5,8,0.9,Arctic,"['T0300', 'T0122', 'T0381']",55,9,16/05/2025,10/07/2025,19/07/2025
T0736,19,0.59,5,8,0.1,Arctic,[],64,0,10/01/2024,14/03/2024,14/03/2024
T0737,3,0.96,1,4,0.3,Arctic,['T0181'],18,0,12/08/2025,30/08/2025,30/08/2025
T0738,11,0.52,3,4,0.3,Onshore,"['T0371', 'T0139', 'T0515']",44,9,03/07/2025,16/08/2025,25/08/2025
T0739,4,0.92,1,5,0.3,Offshore,"['T0035', 'T0252']",19,6,20/07/2025,08/08/2025,14/08/2025
T0740,8,0.82,5,1,0.9,Onshore,"['T0554', 'T0297']",48,8,28/04/2025,15/06/2025,23/06/2025
T0741,13,0.96,2,7,0.7,Onshore,"['T0137', 'T0317', 'T0559']",25,9,12/10/2025,06/11/2025,15/11/2025
T0742,16,0.88,1,8,0.9,Desert,"['T0352', 'T0575']",19,8,10/04/2025,29/04/2025,07/05/2025
T0743,3,0.62,2,5,0.9,Desert,"['T0103', 'T0189', 'T0038']",38,5,28/02/2024,06/04/2024,11/04/2024
T0744,10,0.63,3,5,0.7,Desert,"['T0014', 'T0619', 'T0262']",43,0,29/10/2025,11/12/2025,11/12/2025
T0745,7,0.82,3,6,0.1,Onshore,"['T0122', 'T0104']",43,0,28/10/2024,10/12/2024,10/12/2024
T0746,16,0.66,1,4,0.1,Desert,"['T0425', 'T0526', 'T0195']",11,0,28/11/2025,09/12/2025,09/12/2025
T0747,15,0.85,5,8,0.5,Onshore,"['T0070', 'T0736']",48,1,26/10/2024,13/12/2024,14/12/2024
T0748,6,0.9,5,3,0.9,Onshore,"['T0724', 'T0718', 'T0497']",62,0,16/02/2025,19/04/2025,19/04/2025
T0749,12,0.96,4,7,0.3,Offshore,[],40,0,29/01/2024,09/03/2024,09/03/2024
T0750,10,0.54,5,1,0.3,Onshore,"['T0662', 'T0121', 'T0323']",64,0,27/09/2024,30/11/2024,30/11/2024
T0751,7,0.87,1,1,0.5,Desert,"['T0562', 'T0365']",19,0,28/11/2025,17/12/2025,17/12/2025
T0752,18,0.96,2,2,0.3,Desert,"['T0069', 'T0518', 'T0339']",20,7,17/11/2025,07/12/2025,14/12/2025
T0753,17,0.76,1,8,0.9,Onshore,"['T0682', 'T0439']",20,9,24/02/2026,16/03/2026,25/03/2026
T0754,11,0.58,5,6,0.9,Onshore,[],66,8,01/01/2024,07/03/2024,15/03/2024
T0755,8,0.75,1,2,0.5,Onshore,[],20,0,31/01/2024,20/02/2024,20/02/2024
T0756,18,0.95,1,3,0.7,Onshore,"['T0589', 'T0320']",9,7,12/10/2025,21/10/2025,28/10/2025
T0757,7,0.85,2,1,0.9,Offshore,"['T0449', 'T0534']",21,9,07/07/2025,28/07/2025,06/08/2025
T0758,18,0.56,4,8,0.3,Desert,['T0643'],46,0,02/08/2025,17/09/2025,17/09/2025
T0759,12,0.66,2,3,0.1,Onshore,"['T0079', 'T0042', 'T0229']",31,0,16/05/2025,16/06/2025,16/06/2025
T0760,12,0.91,5,1,0.3,Arctic,['T0364'],55,6,24/04/2025,18/06/2025,24/06/2025
T0761,19,0.86,1,3,0.7,Arctic,['T0677'],11,0,25/04/2024,06/05/2024,06/05/2024
T0762,3,0.94,5,5,0.1,Arctic,"['T0159', 'T0347']",59,0,11/08/2025,09/10/2025,09/10/2025
T0763,12,0.79,1,1,0.9,Offshore,"['T0214', 'T0189']",15,4,24/07/2025,08/08/2025,12/08/2025
T0764,16,0.8,5,7,0.9,Onshore,"['T0606', 'T0558']",63,4,28/02/2024,01/05/2024,05/05/2024
T0765,15,0.81,1,5,0.9,Offshore,"['T0041', 'T0040', 'T0338']",12,0,17/02/2025,01/03/2025,01/03/2025
T0766,3,0.5,3,8,0.1,Desert,"['T0072', 'T0393', 'T0510']",51,3,22/08/2024,12/10/2024,15/10/2024
T0767,12,0.8,3,4,0.9,Onshore,"['T0556', 'T0248', 'T0393']",35,3,22/09/2024,27/10/2024,30/10/2024
T0768,7,0.55,4,2,0.9,Offshore,"['T0217', 'T0609']",47,6,17/09/2025,03/11/2025,09/11/2025
T0769,3,0.65,5,6,0.9,Desert,"['T0035', 'T0409', 'T0403']",76,6,01/04/2025,16/06/2025,22/06/2025
T0770,15,0.75,4,1,0.9,Onshore,[],51,6,06/01/2024,26/02/2024,03/03/2024
T0771,15,0.51,4,4,0.9,Arctic,"['T0386', 'T0083']",47,9,07/04/2025,24/05/2025,02/06/2025
T0772,15,0.51,2,4,0.5,Desert,['T0201'],36,0,05/10/2025,10/11/2025,10/11/2025
T0773,6,0.76,2,2,0.3,Onshore,"['T0469', 'T0137']",31,0,20/01/2026,20/02/2026,20/02/2026
T0774,13,0.64,2,6,0.5,Arctic,"['T0489', 'T0362']",27,3,01/05/2025,28/05/2025,31/05/2025
T0775,12,0.53,5,8,0.3,Desert,['T0198'],63,0,16/02/2024,19/04/2024,19/04/2024
T0776,11,0.91,5,9,0.5,Arctic,['T0277'],54,1,21/02/2024,15/04/2024,16/04/2024
T0777,15,0.57,3,3,0.7,Arctic,['T0159'],43,5,11/08/2025,23/09/2025,28/09/2025
T0778,3,0.52,5,3,0.5,Onshore,[],67,5,24/01/2024,31/03/2024,05/04/2024
T0779,8,0.75,3,8,0.7,Offshore,"['T0703', 'T0580']",37,2,22/11/2025,29/12/2025,31/12/2025
T0780,16,0.97,3,3,0.3,Desert,"['T0657', 'T0165']",41,0,26/05/2025,06/07/2025,06/07/2025
T0781,18,0.72,4,6,0.3,Desert,"['T0545', 'T0509', 'T0686']",57,0,25/03/2026,21/05/2026,21/05/2026
T0782,3,0.64,1,7,0.9,Onshore,['T0382'],26,0,18/09/2025,14/10/2025,14/10/2025
T0783,8,0.53,4,1,0.1,Arctic,"['T0259', 'T0613', 'T0531']",56,0,24/11/2024,19/01/2025,19/01/2025
T0784,14,0.79,5,1,0.9,Offshore,[],58,3,27/01/2024,25/03/2024,28/03/2024
T0785,10,0.5,4,6,0.5,Arctic,"['T0557', 'T0442']",50,0,26/08/2024,15/10/2024,15/10/2024
T0786,14,0.58,4,3,0.5,Arctic,"['T0600', 'T0088']",48,0,05/01/2025,22/02/2025,22/02/2025
T0787,8,0.71,1,2,0.7,Onshore,['T0751'],19,8,17/12/2025,05/01/2026,13/01/2026
T0788,16,0.89,3,8,0.1,Desert,['T0388'],36,0,04/02/2024,11/03/2024,11/03/2024
T0789,10,0.84,5,2,0.7,Desert,"['T0230', 'T0006']",60,4,08/05/2024,07/07/2024,11/07/2024
T0790,12,0.57,4,8,0.7,Desert,"['T0159', 'T0675', 'T0514']",52,3,11/08/2025,02/10/2025,05/10/2025
T0791,14,0.67,5,7,0.3,Onshore,[],55,0,27/01/2024,22/03/2024,22/03/2024
T0792,16,0.5,3,3,0.5,Onshore,['T0153'],39,0,07/02/2024,17/03/2024,17/03/2024
T0793,9,0.97,1,7,0.1,Desert,[],22,0,27/01/2024,18/02/2024,18/02/2024
T0794,10,0.77,2,6,0.1,Desert,"['T0116', 'T0281']",27,0,27/04/2025,24/05/2025,24/05/2025
T0795,10,0.66,3,1,0.1,Desert,['T0497'],34,0,16/02/2025,22/03/2025,22/03/2025
T0796,19,0.5,4,3,0.9,Desert,['T0234'],51,5,29/12/2024,18/02/2025,23/02/2025
T0797,16,0.73,2,8,0.3,Onshore,"['T0401', 'T0259', 'T0305']",30,0,20/08/2025,19/09/2025,19/09/2025
T0798,9,0.64,3,9,0.1,Arctic,"['T0453', 'T0426']",47,0,08/08/2024,24/09/2024,24/09/2024
T0799,18,0.98,5,4,0.9,Desert,[],52,0,14/01/2024,06/03/2024,06/03/2024
T0800,16,0.71,3,7,0.7,Offshore,[],38,0,05/01/2024,12/02/2024,12/02/2024
T0801,9,0.53,1,6,0.5,Desert,[],19,0,29/01/2024,17/02/2024,17/02/2024
T0802,8,0.74,5,4,0.3,Onshore,[],56,0,11/01/2024,07/03/2024,07/03/2024
T0803,14,0.63,5,6,0.9,Arctic,"['T0721', 'T0137', 'T0085']",55,0,15/06/2025,09/08/2025,09/08/2025
T0804,16,0.57,1,1,0.1,Arctic,['T0228'],24,0,21/02/2024,16/03/2024,16/03/2024
T0805,19,0.97,5,4,0.9,Offshore,[],55,1,17/01/2024,12/03/2024,13/03/2024
T0806,6,0.54,4,5,0.9,Arctic,"['T0567', 'T0519']",52,1,10/07/2024,31/08/2024,01/09/2024
T0807,12,0.72,3,7,0.9,Desert,"['T0286', 'T0511']",44,1,02/07/2024,15/08/2024,16/08/2024
T0808,13,0.69,4,5,0.9,Arctic,[],49,8,10/01/2024,28/02/2024,07/03/2024
T0809,8,0.56,2,8,0.5,Onshore,[],22,0,28/01/2024,19/02/2024,19/02/2024
T0810,17,0.75,4,4,0.3,Arctic,"['T0414', 'T0704', 'T0485']",44,5,15/07/2025,28/08/2025,02/09/2025
T0811,18,0.74,2,4,0.1,Onshore,['T0300'],23,0,28/02/2024,22/03/2024,22/03/2024
T0812,8,0.83,1,8,0.9,Desert,['T0635'],21,9,13/03/2024,03/04/2024,12/04/2024
T0813,9,0.59,3,1,0.9,Desert,[],47,3,15/01/2024,02/03/2024,05/03/2024
T0814,18,0.69,5,5,0.9,Desert,[],48,6,21/01/2024,09/03/2024,15/03/2024
T0815,5,0.71,3,2,0.9,Desert,[],36,0,29/01/2024,05/03/2024,05/03/2024
T0816,10,0.76,2,9,0.9,Arctic,['T0413'],30,4,16/10/2025,15/11/2025,19/11/2025
T0817,5,0.8,4,2,0.3,Offshore,"['T0382', 'T0270', 'T0021']",53,0,18/09/2025,10/11/2025,10/11/2025
T0818,15,0.75,4,1,0.3,Desert,"['T0588', 'T0616']",47,0,15/09/2025,01/11/2025,01/11/2025
T0819,10,0.59,3,3,0.5,Offshore,"['T0457', 'T0359', 'T0295']",46,0,29/07/2025,13/09/2025,13/09/2025
T0820,3,0.7,3,4,0.5,Offshore,['T0241'],40,1,09/02/2024,20/03/2024,21/03/2024
T0821,14,0.62,5,7,0.1,Desert,"['T0339', 'T0093', 'T0480']",62,0,17/11/2025,18/01/2026,18/01/2026
T0822,12,0.64,5,1,0.3,Desert,"['T0532', 'T0213']",63,0,03/11/2025,05/01/2026,05/01/2026
T0823,6,0.54,3,8,0.3,Onshore,['T0654'],39,0,11/03/2024,19/04/2024,19/04/2024
T0824,3,0.77,5,7,0.1,Desert,"['T0693', 'T0707', 'T0136']",68,0,07/03/2024,14/05/2024,14/05/2024
T0825,19,0.91,2,2,0.5,Offshore,[],24,0,01/01/2024,25/01/2024,25/01/2024
T0826,4,0.55,4,2,0.1,Arctic,[],62,0,07/01/2024,09/03/2024,09/03/2024
T0827,15,0.69,5,7,0.5,Arctic,['T0161'],64,6,10/07/2024,12/09/2024,18/09/2024
T0828,16,0.83,5,3,0.5,Onshore,['T0555'],59,9,03/11/2025,01/01/2026,10/01/2026
T0829,18,0.95,3,5,0.1,Desert,"['T0579', 'T0826']",40,0,09/03/2024,18/04/2024,18/04/2024
T0830,3,0.78,5,4,0.3,Onshore,['T0126'],69,0,06/02/2024,15/04/2024,15/04/2024
T0831,5,0.9,4,4,0.5,Onshore,['T0802'],42,0,07/03/2024,18/04/2024,18/04/2024
T0832,5,0.66,4,7,0.3,Offshore,"['T0193', 'T0722']",52,3,03/08/2025,24/09/2025,27/09/2025
T0833,8,0.9,4,3,0.3,Desert,['T0792'],50,9,17/03/2024,06/05/2024,15/05/2024
T0834,16,0.55,4,3,0.7,Desert,"['T0223', 'T0231', 'T0413']",54,0,16/10/2025,09/12/2025,09/12/2025
T0835,9,0.84,4,7,0.5,Desert,['T0554'],55,0,28/04/2025,22/06/2025,22/06/2025
T0836,18,0.9,5,1,0.9,Arctic,"['T0604', 'T0591']",57,3,03/03/2024,29/04/2024,02/05/2024
T0837,7,0.95,1,2,0.7,Arctic,[],18,0,13/01/2024,31/01/2024,31/01/2024
T0838,14,0.58,4,8,0.3,Onshore,"['T0251', 'T0210']",49,0,28/05/2024,16/07/2024,16/07/2024
T0839,18,1,1,7,0.5,Desert,[],22,0,18/01/2024,09/02/2024,09/02/2024
T0840,11,0.69,3,2,0.9,Arctic,"['T0816', 'T0193', 'T0160']",48,2,15/11/2025,02/01/2026,04/01/2026
T0841,12,0.88,5,3,0.3,Offshore,"['T0802', 'T0554', 'T0335']",57,0,28/04/2025,24/06/2025,24/06/2025
T0842,14,0.73,5,2,0.9,Desert,[],53,7,06/01/2024,28/02/2024,06/03/2024
T0843,16,0.89,1,2,0.1,Arctic,"['T0820', 'T0526']",19,0,08/03/2025,27/03/2025,27/03/2025
T0844,13,0.87,1,7,0.3,Onshore,[],21,0,19/01/2024,09/02/2024,09/02/2024
T0845,3,0.63,1,1,0.7,Desert,"['T0837', 'T0569', 'T0556']",34,5,27/05/2025,30/06/2025,05/07/2025
T0846,14,0.99,1,5,0.9,Arctic,"['T0173', 'T0171']",10,1,28/08/2025,07/09/2025,08/09/2025
T0847,5,0.54,3,4,0.7,Offshore,"['T0809', 'T0672', 'T0756']",54,2,10/11/2025,03/01/2026,05/01/2026
T0848,4,0.53,5,1,0.5,Offshore,"['T0425', 'T0260', 'T0841']",72,0,28/11/2025,08/02/2026,08/02/2026
T0849,13,0.56,2,3,0.5,Desert,"['T0472', 'T0257', 'T0152']",31,6,24/07/2024,24/08/2024,30/08/2024
T0850,19,0.75,3,2,0.9,Onshore,"['T0103', 'T0599', 'T0017']",36,2,07/03/2024,12/04/2024,14/04/2024
T0851,9,0.79,2,4,0.3,Desert,[],23,0,17/01/2024,09/02/2024,09/02/2024
T0852,15,0.81,2,5,0.7,Offshore,[],28,0,04/01/2024,01/02/2024,01/02/2024
T0853,12,0.72,1,2,0.3,Onshore,"['T0421', 'T0069', 'T0152']",15,0,03/09/2025,18/09/2025,18/09/2025
T0854,10,0.86,3,2,0.1,Desert,"['T0389', 'T0202']",36,0,14/09/2024,20/10/2024,20/10/2024
T0855,13,0.73,5,1,0.5,Offshore,['T0085'],65,0,03/06/2025,07/08/2025,07/08/2025
T0856,4,0.81,4,1,0.1,Onshore,"['T0670', 'T0678', 'T0136']",56,0,28/12/2025,22/02/2026,22/02/2026
T0857,3,0.85,3,8,0.7,Desert,"['T0757', 'T0636']",46,6,12/11/2025,28/12/2025,03/01/2026
T0858,13,0.72,5,5,0.9,Arctic,[],66,6,08/01/2024,14/03/2024,20/03/2024
T0859,8,0.7,2,3,0.5,Desert,[],29,4,22/01/2024,20/02/2024,24/02/2024
T0860,9,0.58,1,9,0.3,Onshore,[],16,5,24/01/2024,09/02/2024,14/02/2024
T0861,17,0.96,3,6,0.5,Offshore,"['T0847', 'T0580']",37,4,03/01/2026,09/02/2026,13/02/2026
T0862,12,0.78,1,6,0.1,Offshore,['T0197'],19,0,15/12/2024,03/01/2025,03/01/2025
T0863,9,0.64,4,4,0.5,Onshore,[],52,0,01/01/2024,22/02/2024,22/02/2024
T0864,12,0.74,5,1,0.3,Desert,['T0130'],66,0,11/04/2024,16/06/2024,16/06/2024
T0865,6,0.76,2,5,0.7,Onshore,"['T0050', 'T0288']",34,5,01/04/2025,05/05/2025,10/05/2025
T0866,6,0.79,4,7,0.5,Desert,"['T0017', 'T0260', 'T0722']",51,0,06/09/2025,27/10/2025,27/10/2025
T0867,3,0.69,4,7,0.3,Offshore,"['T0585', 'T0482', 'T0755']",61,8,25/06/2025,25/08/2025,02/09/2025
T0868,9,0.79,4,6,0.9,Onshore,[],46,6,12/01/2024,27/02/2024,04/03/2024
T0869,8,0.56,5,4,0.5,Arctic,"['T0481', 'T0751']",62,0,17/12/2025,17/02/2026,17/02/2026
T0870,3,0.56,3,8,0.7,Onshore,"['T0112', 'T0715', 'T0653']",49,0,27/03/2026,15/05/2026,15/05/2026
T0871,8,0.69,4,8,0.5,Onshore,"['T0766', 'T0068']",51,2,12/10/2024,02/12/2024,04/12/2024
T0872,8,0.55,2,3,0.3,Offshore,"['T0602', 'T0471']",26,0,20/05/2025,15/06/2025,15/06/2025
T0873,18,0.96,5,9,0.5,Offshore,"['T0496', 'T0090']",54,7,05/06/2025,29/07/2025,05/08/2025
T0874,13,0.84,4,9,0.9,Arctic,[],45,6,03/01/2024,17/02/2024,23/02/2024
T0875,12,0.88,1,8,0.9,Arctic,"['T0830', 'T0219', 'T0137']",19,2,15/06/2025,04/07/2025,06/07/2025
T0876,19,0.72,4,9,0.5,Offshore,"['T0288', 'T0466']",54,8,05/04/2024,29/05/2024,06/06/2024
T0877,3,0.83,3,9,0.3,Offshore,"['T0718', 'T0461', 'T0531']",49,2,07/05/2025,25/06/2025,27/06/2025
T0878,17,0.54,4,4,0.7,Onshore,[],51,0,15/01/2024,06/03/2024,06/03/2024
T0879,9,0.7,5,6,0.5,Offshore,[],53,0,22/01/2024,15/03/2024,15/03/2024
T0880,8,0.76,4,6,0.3,Onshore,"['T0872', 'T0742', 'T0779']",48,0,29/12/2025,15/02/2026,15/02/2026
T0881,14,0.56,1,8,0.1,Arctic,"['T0383', 'T0862']",18,0,15/07/2025,02/08/2025,02/08/2025
T0882,11,0.98,5,7,0.9,Offshore,"['T0127', 'T0793', 'T0219']",52,0,21/09/2024,12/11/2024,12/11/2024
T0883,7,0.84,5,7,0.7,Desert,"['T0187', 'T0579']",61,0,03/07/2025,02/09/2025,02/09/2025
T0884,4,0.61,1,4,0.5,Desert,['T0607'],25,0,14/06/2024,09/07/2024,09/07/2024
T0885,18,0.82,5,1,0.9,Offshore,[],52,0,06/01/2024,27/02/2024,27/02/2024
T0886,5,0.89,4,4,0.9,Desert,[],51,8,05/01/2024,25/02/2024,04/03/2024
T0887,7,0.73,2,9,0.9,Onshore,[],30,5,26/01/2024,25/02/2024,01/03/2024
T0888,6,0.54,2,8,0.9,Offshore,[],42,2,18/01/2024,29/02/2024,02/03/2024
T0889,3,0.52,1,7,0.3,Arctic,[],32,0,14/01/2024,15/02/2024,15/02/2024
T0890,3,0.75,4,9,0.1,Onshore,['T0199'],50,0,17/06/2024,06/08/2024,06/08/2024
T0891,14,0.62,5,3,0.1,Offshore,[],65,0,07/01/2024,12/03/2024,12/03/2024
T0892,17,0.58,5,2,0.5,Onshore,"['T0548', 'T0810', 'T0609']",55,6,28/08/2025,22/10/2025,28/10/2025
T0893,3,0.62,2,2,0.9,Onshore,[],43,5,15/01/2024,27/02/2024,03/03/2024
T0894,3,0.83,1,6,0.5,Onshore,['T0523'],17,0,15/09/2024,02/10/2024,02/10/2024
T0895,6,0.73,5,9,0.1,Offshore,"['T0153', 'T0645', 'T0538']",66,0,20/09/2025,25/11/2025,25/11/2025
T0896,12,0.85,4,4,0.1,Offshore,"['T0759', 'T0771', 'T0808']",50,0,16/06/2025,05/08/2025,05/08/2025
T0897,5,0.98,4,3,0.1,Arctic,[],46,0,20/01/2024,06/03/2024,06/03/2024
T0898,18,0.98,2,7,0.5,Offshore,"['T0492', 'T0878', 'T0553']",17,0,29/03/2024,15/04/2024,15/04/2024
T0899,17,0.66,3,5,0.5,Offshore,"['T0560', 'T0571', 'T0260']",36,0,08/01/2026,13/02/2026,13/02/2026
T0900,6,0.52,3,7,0.5,Desert,['T0335'],45,0,12/02/2024,28/03/2024,28/03/2024
T0901,7,0.65,2,1,0.5,Offshore,['T0150'],32,0,08/08/2025,09/09/2025,09/09/2025
T0902,17,0.87,1,9,0.1,Arctic,[],17,0,31/01/2024,17/02/2024,17/02/2024
T0903,6,0.79,3,6,0.9,Offshore,"['T0399', 'T0643', 'T0859']",48,2,17/08/2025,04/10/2025,06/10/2025
T0904,19,0.58,1,6,0.9,Desert,['T0527'],20,3,04/06/2024,24/06/2024,27/06/2024
T0905,4,0.84,2,6,0.7,Arctic,"['T0480', 'T0709', 'T0155']",27,0,15/09/2025,12/10/2025,12/10/2025
T0906,10,0.75,4,1,0.5,Desert,[],48,0,21/01/2024,09/03/2024,09/03/2024
T0907,3,0.55,3,8,0.5,Offshore,['T0618'],43,0,15/07/2025,27/08/2025,27/08/2025
T0908,3,0.6,5,9,0.5,Arctic,"['T0503', 'T0356', 'T0631']",77,7,19/07/2025,04/10/2025,11/10/2025
T0909,17,0.54,1,6,0.9,Offshore,"['T0001', 'T0181']",14,4,12/08/2025,26/08/2025,30/08/2025
T0910,4,0.58,5,5,0.3,Onshore,[],65,0,05/01/2024,10/03/2024,10/03/2024
T0911,17,0.74,2,3,0.9,Desert,"['T0105', 'T0845']",31,0,30/06/2025,31/07/2025,31/07/2025
T0912,10,0.65,3,6,0.3,Onshore,"['T0514', 'T0641']",39,0,16/05/2025,24/06/2025,24/06/2025
T0913,18,0.57,1,1,0.5,Onshore,[],15,8,27/01/2024,11/02/2024,19/02/2024
T0914,9,0.69,1,7,0.7,Offshore,[],17,0,19/01/2024,05/02/2024,05/02/2024
T0915,4,0.89,2,6,0.7,Onshore,[],25,2,07/01/2024,01/02/2024,03/02/2024
T0916,8,0.52,5,3,0.7,Onshore,['T0588'],57,7,30/09/2024,26/11/2024,03/12/2024
T0917,18,0.68,5,6,0.1,Desert,[],62,0,19/01/2024,21/03/2024,21/03/2024
T0918,11,0.67,4,7,0.1,Desert,"['T0605', 'T0002']",51,0,03/05/2024,23/06/2024,23/06/2024
T0919,15,0.66,5,9,0.1,Desert,"['T0528', 'T0614', 'T0561']",56,0,21/10/2025,16/12/2025,16/12/2025
T0920,13,0.78,2,2,0.3,Onshore,"['T0539', 'T0753', 'T0752']",22,4,16/03/2026,07/04/2026,11/04/2026
T0921,6,0.85,5,4,0.3,Arctic,['T0514'],58,2,16/05/2025,13/07/2025,15/07/2025
T0922,18,0.7,5,4,0.1,Arctic,[],60,0,11/01/2024,11/03/2024,11/03/2024
T0923,18,0.74,3,6,0.1,Onshore,['T0056'],27,0,14/04/2025,11/05/2025,11/05/2025
T0924,3,0.8,2,3,0.7,Arctic,"['T0521', 'T0392', 'T0203']",32,6,06/10/2025,07/11/2025,13/11/2025
T0925,9,0.9,2,2,0.7,Onshore,"['T0171', 'T0064']",36,9,28/08/2025,03/10/2025,12/10/2025
T0926,10,0.53,5,9,0.3,Arctic,"['T0772', 'T0589', 'T0054']",59,0,10/11/2025,08/01/2026,08/01/2026
T0927,16,0.65,2,2,0.9,Offshore,['T0183'],25,3,18/02/2025,15/03/2025,18/03/2025
T0928,19,0.56,5,9,0.7,Offshore,[],56,0,20/01/2024,16/03/2024,16/03/2024
T0929,3,0.99,1,7,0.9,Arctic,"['T0104', 'T0356', 'T0550']",18,1,19/07/2025,06/08/2025,07/08/2025
T0930,19,0.72,3,7,0.9,Offshore,[],35,5,29/01/2024,04/03/2024,09/03/2024
T0931,6,0.88,2,5,0.1,Arctic,['T0508'],32,0,31/08/2025,02/10/2025,02/10/2025
T0932,19,0.7,1,9,0.1,Onshore,"['T0850', 'T0734', 'T0568']",16,2,03/09/2025,19/09/2025,21/09/2025
T0933,19,0.89,1,5,0.3,Desert,"['T0930', 'T0074', 'T0870']",13,0,15/05/2026,28/05/2026,28/05/2026
T0934,13,0.82,3,4,0.3,Offshore,"['T0582', 'T0880', 'T0260']",40,0,15/02/2026,27/03/2026,27/03/2026
T0935,3,0.87,3,9,0.9,Onshore,"['T0441', 'T0339']",52,8,17/11/2025,08/01/2026,16/01/2026
T0936,5,0.6,5,3,0.1,Onshore,"['T0009', 'T0368', 'T0420']",73,0,17/11/2025,29/01/2026,29/01/2026
T0937,6,0.52,5,1,0.1,Offshore,[],67,4,30/01/2024,06/04/2024,10/04/2024
T0938,12,0.52,5,5,0.5,Desert,[],65,0,19/01/2024,24/03/2024,24/03/2024
T0939,7,0.69,3,6,0.1,Offshore,"['T0758', 'T0490']",45,0,17/09/2025,01/11/2025,01/11/2025
T0940,4,0.76,5,6,0.9,Arctic,"['T0834', 'T0481', 'T0380']",57,7,09/12/2025,04/02/2026,11/02/2026
T0941,6,0.54,1,4,0.9,Arctic,"['T0649', 'T0744', 'T0773']",27,2,20/02/2026,19/03/2026,21/03/2026
T0942,10,0.74,5,2,0.5,Desert,"['T0877', 'T0652', 'T0861']",53,0,09/03/2026,01/05/2026,01/05/2026
T0943,4,0.58,2,2,0.5,Onshore,['T0438'],36,0,11/05/2024,16/06/2024,16/06/2024
T0944,18,0.86,3,2,0.3,Desert,"['T0514', 'T0232', 'T0194']",30,0,01/09/2025,01/10/2025,01/10/2025
T0945,8,0.71,1,4,0.3,Desert,"['T0711', 'T0326']",28,0,06/03/2025,03/04/2025,03/04/2025
T0946,14,0.6,2,3,0.5,Desert,['T0753'],36,0,16/03/2026,21/04/2026,21/04/2026
T0947,18,0.63,2,6,0.9,Offshore,"['T0602', 'T0002', 'T0828']",29,7,01/01/2026,30/01/2026,06/02/2026
